Faculty,FacultyId,Campus
Facultad de Ciencias,ba5ac6ee64678d93680bee3aac0184e5,Cantoblanco
Facultad de Ciencias,ba5ac6ee64678d93680bee3aac0184e5,Cantoblanco
Facultad de Ciencias,ba5ac6ee64678d93680bee3aac0184e5,Cantoblanco
Facultad de Ciencias,ba5ac6ee64678d93680bee3aac0184e5,Cantoblanco
Facultad de Psicología,b877e126a4742af7841e5f86b0d37f58,Cantoblanco
Facultad de Ciencias Económicas y Empresariales,bff910f9ba5dccd53c00a401c4001cc5,Cantoblanco
Facultad de Formación de Profesorado y de la Educación,54e4c5aaf97d3a51170a6226192ee88d,Cantoblanco
Facultad de Ciencias Económicas y Empresariales,bff910f9ba5dccd53c00a401c4001cc5,Cantoblanco
Escuela Politécnica Superior,a48dd02c46a750bf60bb53e01772de53,Cantoblanco
Facultad de Ciencias,ba5ac6ee64678d93680bee3aac0184e5,Cantoblanco
Facultad de Ciencias,ba5ac6ee64678d93680bee3aac0184e5,Cantoblanco
Facultad de Ciencias,ba5ac6ee64678d93680bee3aac0184e5,Cantoblanco
Facultad de Ciencias Económicas y Empresariales,bff910f9ba5dccd53c00a401c4001cc5,Cantoblanco
Facultad de Filosofía y Letras,f43f860da823dbfc74f729d203acd090,Cantoblanco
Facultad de Filosofía y Letras,f43f860da823dbfc74f729d203acd090,Cantoblanco
Facultad de Filosofía y Letras,f43f860da823dbfc74f729d203acd090,Cantoblanco
Facultad de Filosofía y Letras,f43f860da823dbfc74f729d203acd090,Cantoblanco
Facultad de Filosofía y Letras,f43f860da823dbfc74f729d203acd090,Cantoblanco
Facultad de Filosofía y Letras,f43f860da823dbfc74f729d203acd090,Cantoblanco
Centro Superior de Estudios Universitarios La Salle,4986fad76e460f30f026bd0410e42ccf,"Campus del centro ""Centro Superior de Estudios Universitarios La Salle"""
Escuela Universitaria de Fisioterapia de la ONCE,aecb76e54704f650646c68826f11a95d,"Campus del centro ""Escuela Universitaria de Fisioterapia de La ONCE"""
Centro Superior de Estudios Universitarios La Salle,4986fad76e460f30f026bd0410e42ccf,"Campus del centro ""Centro Superior de Estudios Universitarios La Salle"""
Facultad de Filosofía y Letras,f43f860da823dbfc74f729d203acd090,Cantoblanco
Facultad de Filosofía y Letras,f43f860da823dbfc74f729d203acd090,Cantoblanco
Facultad de Filosofía y Letras,f43f860da823dbfc74f729d203acd090,Cantoblanco
Centro Superior de Estudios Universitarios La Salle,4986fad76e460f30f026bd0410e42ccf,"Campus del centro ""Centro Superior de Estudios Universitarios La Salle"""
Facultad de Filosofía y Letras,f43f860da823dbfc74f729d203acd090,Cantoblanco
Facultad de Derecho,4f8e52ed3885c6ace7bb39c960dc686c,Cantoblanco
Facultad de Derecho,4f8e52ed3885c6ace7bb39c960dc686c,Cantoblanco
Centro Superior de Estudios Universitarios La Salle,4986fad76e460f30f026bd0410e42ccf,"Campus del centro ""Centro Superior de Estudios Universitarios La Salle"""
Facultad de Formación de Profesorado y de la Educación,54e4c5aaf97d3a51170a6226192ee88d,Cantoblanco
Centro Superior de Estudios Universitarios La Salle,4986fad76e460f30f026bd0410e42ccf,"Campus del centro ""Centro Superior de Estudios Universitarios La Salle"""
Facultad de Formación de Profesorado y de la Educación,54e4c5aaf97d3a51170a6226192ee88d,Cantoblanco
Facultad de Ciencias Económicas y Empresariales,bff910f9ba5dccd53c00a401c4001cc5,Cantoblanco
Facultad de Ciencias,ba5ac6ee64678d93680bee3aac0184e5,Cantoblanco
Facultad de Filosofía y Letras,f43f860da823dbfc74f729d203acd090,Cantoblanco
Facultad de Ciencias Económicas y Empresariales,bff910f9ba5dccd53c00a401c4001cc5,Cantoblanco
Facultad de Medicina,4757c29622798de869a1522d85f29552,Medicina
Escuela Universitaria de Enfermería Jimenez Diaz,d84163facc09aa7ddd24a22d98e2cd7c,"Campus del centro ""Escuela de Enfermería de La Fundación Jiménez Díaz"""
Escuela Universitaria de Enfermería Cruz Roja,a5e926402d04d2cf7473b5114fe51507,"Campus del centro ""Escuela de Enfermería de la Cruz Roja"""
Facultad de Ciencias,ba5ac6ee64678d93680bee3aac0184e5,Cantoblanco
Centro Superior de Estudios Universitarios La Salle,4986fad76e460f30f026bd0410e42ccf,"Campus del centro ""Centro Superior de Estudios Universitarios La Salle"""
Escuela Politécnica Superior,a48dd02c46a750bf60bb53e01772de53,Cantoblanco
Facultad de Medicina,4757c29622798de869a1522d85f29552,Medicina
Facultad de Filosofía y Letras,f43f860da823dbfc74f729d203acd090,Cantoblanco
Facultad de Filosofía y Letras,f43f860da823dbfc74f729d203acd090,Cantoblanco
Centro Superior de Estudios Universitarios La Salle,4986fad76e460f30f026bd0410e42ccf,"Campus del centro ""Centro Superior de Estudios Universitarios La Salle"""
Centro Superior de Estudios Universitarios La Salle,4986fad76e460f30f026bd0410e42ccf,"Campus del centro ""Centro Superior de Estudios Universitarios La Salle"""
Facultad de Ciencias Económicas y Empresariales,bff910f9ba5dccd53c00a401c4001cc5,Cantoblanco
Facultad de Ciencias,ba5ac6ee64678d93680bee3aac0184e5,Cantoblanco
Escuela Politécnica Superior,a48dd02c46a750bf60bb53e01772de53,Cantoblanco
Facultad de Ciencias,ba5ac6ee64678d93680bee3aac0184e5,Cantoblanco
Escuela Politécnica Superior,a48dd02c46a750bf60bb53e01772de53,Cantoblanco
Facultad de Filosofía y Letras,f43f860da823dbfc74f729d203acd090,Cantoblanco
Facultad de Ciencias Económicas y Empresariales,bff910f9ba5dccd53c00a401c4001cc5,Cantoblanco
Facultad de Ciencias Económicas y Empresariales,bff910f9ba5dccd53c00a401c4001cc5,Cantoblanco
Facultad de Derecho,4f8e52ed3885c6ace7bb39c960dc686c,Cantoblanco
Facultad de Derecho,4f8e52ed3885c6ace7bb39c960dc686c,Cantoblanco
Facultad de Ciencias,ba5ac6ee64678d93680bee3aac0184e5,Cantoblanco
Escuela Politécnica Superior,a48dd02c46a750bf60bb53e01772de53,Cantoblanco
Facultad de Ciencias,ba5ac6ee64678d93680bee3aac0184e5,Cantoblanco
Facultad de Filosofía y Letras,f43f860da823dbfc74f729d203acd090,Cantoblanco
Facultad de Filosofía y Letras,f43f860da823dbfc74f729d203acd090,Cantoblanco
Facultad de Filosofía y Letras,f43f860da823dbfc74f729d203acd090,Cantoblanco
Facultad de Formación de Profesorado y de la Educación,54e4c5aaf97d3a51170a6226192ee88d,Cantoblanco
Facultad de Ciencias,ba5ac6ee64678d93680bee3aac0184e5,Cantoblanco
Facultad de Filosofía y Letras,f43f860da823dbfc74f729d203acd090,Cantoblanco
Facultad de Filosofía y Letras,f43f860da823dbfc74f729d203acd090,Cantoblanco
Facultad de Filosofía y Letras,f43f860da823dbfc74f729d203acd090,Cantoblanco
Facultad de Filosofía y Letras,f43f860da823dbfc74f729d203acd090,Cantoblanco
Facultad de Filosofía y Letras,f43f860da823dbfc74f729d203acd090,Cantoblanco
Facultad de Derecho,4f8e52ed3885c6ace7bb39c960dc686c,Cantoblanco
Facultad de Derecho,4f8e52ed3885c6ace7bb39c960dc686c,Cantoblanco
Facultad de Formación de Profesorado y de la Educación,54e4c5aaf97d3a51170a6226192ee88d,Cantoblanco
Facultad de Ciencias Económicas y Empresariales,bff910f9ba5dccd53c00a401c4001cc5,Cantoblanco
Facultad de Ciencias Económicas y Empresariales,bff910f9ba5dccd53c00a401c4001cc5,Cantoblanco
Facultad de Filosofía y Letras,f43f860da823dbfc74f729d203acd090,Cantoblanco
Facultad de Ciencias,ba5ac6ee64678d93680bee3aac0184e5,Cantoblanco
Escuela Politécnica Superior,a48dd02c46a750bf60bb53e01772de53,Cantoblanco
Facultad de Filosofía y Letras,f43f860da823dbfc74f729d203acd090,Cantoblanco
Facultad de Formación de Profesorado y de la Educación,54e4c5aaf97d3a51170a6226192ee88d,Cantoblanco
Facultad de Formación de Profesorado y de la Educación,54e4c5aaf97d3a51170a6226192ee88d,Cantoblanco
Facultad de Ciencias,ba5ac6ee64678d93680bee3aac0184e5,Cantoblanco
Escuela Politécnica Superior,a48dd02c46a750bf60bb53e01772de53,Cantoblanco
Facultad de Medicina,4757c29622798de869a1522d85f29552,Medicina
Facultad de Ciencias,ba5ac6ee64678d93680bee3aac0184e5,Cantoblanco
Facultad de Medicina,4757c29622798de869a1522d85f29552,Medicina
Facultad de Ciencias,ba5ac6ee64678d93680bee3aac0184e5,Cantoblanco
Facultad de Ciencias,ba5ac6ee64678d93680bee3aac0184e5,Cantoblanco
Facultad de Formación de Profesorado y de la Educación,54e4c5aaf97d3a51170a6226192ee88d,Cantoblanco
Escuela Politécnica Superior,a48dd02c46a750bf60bb53e01772de53,Cantoblanco
Facultad de Ciencias,ba5ac6ee64678d93680bee3aac0184e5,Cantoblanco
Facultad de Ciencias,ba5ac6ee64678d93680bee3aac0184e5,Cantoblanco
Facultad de Ciencias Económicas y Empresariales,bff910f9ba5dccd53c00a401c4001cc5,Cantoblanco
Facultad de Filosofía y Letras,f43f860da823dbfc74f729d203acd090,Cantoblanco
Escuela Universitaria de Enfermería Jimenez Diaz,d84163facc09aa7ddd24a22d98e2cd7c,"Campus del centro ""Escuela de Enfermería de La Fundación Jiménez Díaz"""
Facultad de Derecho,4f8e52ed3885c6ace7bb39c960dc686c,Cantoblanco
Facultad de Ciencias Económicas y Empresariales,bff910f9ba5dccd53c00a401c4001cc5,Cantoblanco
Facultad de Psicología,b877e126a4742af7841e5f86b0d37f58,Cantoblanco
Facultad de Ciencias,ba5ac6ee64678d93680bee3aac0184e5,Cantoblanco
Facultad de Ciencias Económicas y Empresariales,bff910f9ba5dccd53c00a401c4001cc5,Cantoblanco
Facultad de Formación de Profesorado y de la Educación,54e4c5aaf97d3a51170a6226192ee88d,Cantoblanco
Facultad de Filosofía y Letras,f43f860da823dbfc74f729d203acd090,Cantoblanco
Facultad de Ciencias,ba5ac6ee64678d93680bee3aac0184e5,Cantoblanco
Facultad de Ciencias,ba5ac6ee64678d93680bee3aac0184e5,Cantoblanco
Facultad de Medicina,4757c29622798de869a1522d85f29552,Medicina
Escuela Politécnica Superior,a48dd02c46a750bf60bb53e01772de53,Cantoblanco
Facultad de Psicología,b877e126a4742af7841e5f86b0d37f58,Cantoblanco
Facultad de Filosofía y Letras,f43f860da823dbfc74f729d203acd090,Cantoblanco
Facultad de Filosofía y Letras,f43f860da823dbfc74f729d203acd090,Cantoblanco
Facultad de Filosofía y Letras,f43f860da823dbfc74f729d203acd090,Cantoblanco
Facultad de Filosofía y Letras,f43f860da823dbfc74f729d203acd090,Cantoblanco
Facultad de Filosofía y Letras,f43f860da823dbfc74f729d203acd090,Cantoblanco
Facultad de Filosofía y Letras,f43f860da823dbfc74f729d203acd090,Cantoblanco
Facultad de Filosofía y Letras,f43f860da823dbfc74f729d203acd090,Cantoblanco
Facultad de Ciencias,ba5ac6ee64678d93680bee3aac0184e5,Cantoblanco
Facultad de Ciencias,ba5ac6ee64678d93680bee3aac0184e5,Cantoblanco
Facultad de Ciencias,ba5ac6ee64678d93680bee3aac0184e5,Cantoblanco
Centro Superior de Estudios Universitarios La Salle,4986fad76e460f30f026bd0410e42ccf,"Campus del centro ""Centro Superior de Estudios Universitarios La Salle"""
Escuela Universitaria de Fisioterapia de la ONCE,aecb76e54704f650646c68826f11a95d,"Campus del centro ""Escuela Universitaria de Fisioterapia de La ONCE"""
Escuela Universitaria de Fisioterapia de la ONCE,aecb76e54704f650646c68826f11a95d,"Campus del centro ""Escuela Universitaria de Fisioterapia de La ONCE"""
Facultad de Formación de Profesorado y de la Educación,54e4c5aaf97d3a51170a6226192ee88d,Cantoblanco
Facultad de Ciencias,ba5ac6ee64678d93680bee3aac0184e5,Cantoblanco
Facultad de Ciencias,ba5ac6ee64678d93680bee3aac0184e5,Cantoblanco
Facultad de Filosofía y Letras,f43f860da823dbfc74f729d203acd090,Cantoblanco
Facultad de Filosofía y Letras,f43f860da823dbfc74f729d203acd090,Cantoblanco
Facultad de Filosofía y Letras,f43f860da823dbfc74f729d203acd090,Cantoblanco
Facultad de Filosofía y Letras,f43f860da823dbfc74f729d203acd090,Cantoblanco
Facultad de Filosofía y Letras,f43f860da823dbfc74f729d203acd090,Cantoblanco
Escuela Politécnica Superior,a48dd02c46a750bf60bb53e01772de53,Cantoblanco
Escuela Politécnica Superior,a48dd02c46a750bf60bb53e01772de53,Cantoblanco
Facultad de Ciencias,ba5ac6ee64678d93680bee3aac0184e5,Cantoblanco
Facultad de Formación de Profesorado y de la Educación,54e4c5aaf97d3a51170a6226192ee88d,Cantoblanco
Facultad de Psicología,b877e126a4742af7841e5f86b0d37f58,Cantoblanco
Facultad de Formación de Profesorado y de la Educación,54e4c5aaf97d3a51170a6226192ee88d,Cantoblanco
Facultad de Medicina,4757c29622798de869a1522d85f29552,Medicina
Facultad de Derecho,4f8e52ed3885c6ace7bb39c960dc686c,Cantoblanco
Centro Superior de Estudios Universitarios La Salle,4986fad76e460f30f026bd0410e42ccf,"Campus del centro ""Centro Superior de Estudios Universitarios La Salle"""
Facultad de Filosofía y Letras,f43f860da823dbfc74f729d203acd090,Cantoblanco
Facultad de Filosofía y Letras,f43f860da823dbfc74f729d203acd090,Cantoblanco
Facultad de Filosofía y Letras,f43f860da823dbfc74f729d203acd090,Cantoblanco
Facultad de Ciencias Económicas y Empresariales,bff910f9ba5dccd53c00a401c4001cc5,Cantoblanco
Facultad de Ciencias,ba5ac6ee64678d93680bee3aac0184e5,Cantoblanco
Facultad de Ciencias,ba5ac6ee64678d93680bee3aac0184e5,Cantoblanco
Facultad de Psicología,b877e126a4742af7841e5f86b0d37f58,Cantoblanco
Facultad de Ciencias,ba5ac6ee64678d93680bee3aac0184e5,Cantoblanco
Facultad de Medicina,4757c29622798de869a1522d85f29552,Medicina
Facultad de Ciencias,ba5ac6ee64678d93680bee3aac0184e5,Cantoblanco
Facultad de Medicina,4757c29622798de869a1522d85f29552,Medicina
Facultad de Ciencias,ba5ac6ee64678d93680bee3aac0184e5,Cantoblanco
Facultad de Filosofía y Letras,f43f860da823dbfc74f729d203acd090,Cantoblanco
Facultad de Psicología,b877e126a4742af7841e5f86b0d37f58,Cantoblanco
Facultad de Psicología,b877e126a4742af7841e5f86b0d37f58,Cantoblanco
Facultad de Ciencias,ba5ac6ee64678d93680bee3aac0184e5,Cantoblanco
Facultad de Ciencias,ba5ac6ee64678d93680bee3aac0184e5,Cantoblanco
Facultad de Ciencias,ba5ac6ee64678d93680bee3aac0184e5,Cantoblanco
Facultad de Derecho,4f8e52ed3885c6ace7bb39c960dc686c,Cantoblanco
Escuela Politécnica Superior,a48dd02c46a750bf60bb53e01772de53,Cantoblanco
Facultad de Psicología,b877e126a4742af7841e5f86b0d37f58,Cantoblanco
Facultad de Formación de Profesorado y de la Educación,54e4c5aaf97d3a51170a6226192ee88d,Cantoblanco
Centro Superior de Estudios Universitarios La Salle,4986fad76e460f30f026bd0410e42ccf,"Campus del centro ""Centro Superior de Estudios Universitarios La Salle"""
Facultad de Filosofía y Letras,f43f860da823dbfc74f729d203acd090,Cantoblanco
Facultad de Filosofía y Letras,f43f860da823dbfc74f729d203acd090,Cantoblanco
Facultad de Ciencias,ba5ac6ee64678d93680bee3aac0184e5,Cantoblanco
Facultad de Ciencias Sociales y Jurídicas (Colmenarejo),c899019aac69cabef54854294b95a0a1,Colmenarejo
Facultad de Ciencias Sociales y Jurídicas. (Getafe),2db221c96d63c1dbaacc647f81881e54,Getafe
Escuela Politécnica Superior. (Leganés),5942f7814d678391c3852a6ec32e0ca3,Leganés
"Facultad de Humanidades, Comunicación y Documentación. (Getafe)",c864adcb5874744cbe44e9577629f357,Getafe
Escuela Politécnica Superior. (Leganés),5942f7814d678391c3852a6ec32e0ca3,Leganés
Facultad de Ciencias Sociales y Jurídicas. (Getafe),2db221c96d63c1dbaacc647f81881e54,Getafe
"Facultad de Humanidades, Comunicación y Documentación. (Getafe)",c864adcb5874744cbe44e9577629f357,Getafe
Facultad de Ciencias Sociales y Jurídicas (Colmenarejo),c899019aac69cabef54854294b95a0a1,Colmenarejo
Facultad de Ciencias Sociales y Jurídicas. (Getafe),2db221c96d63c1dbaacc647f81881e54,Getafe
Facultad de Ciencias Sociales y Jurídicas. (Getafe),2db221c96d63c1dbaacc647f81881e54,Getafe
Facultad de Ciencias Sociales y Jurídicas. (Getafe),2db221c96d63c1dbaacc647f81881e54,Getafe
Facultad de Ciencias Sociales y Jurídicas. (Getafe),2db221c96d63c1dbaacc647f81881e54,Getafe
"Facultad de Humanidades, Comunicación y Documentación. (Getafe)",c864adcb5874744cbe44e9577629f357,Getafe
Facultad de Ciencias Sociales y Jurídicas. (Getafe),2db221c96d63c1dbaacc647f81881e54,Getafe
Facultad de Ciencias Sociales y Jurídicas. (Getafe),2db221c96d63c1dbaacc647f81881e54,Getafe
Facultad de Ciencias Sociales y Jurídicas. (Getafe),2db221c96d63c1dbaacc647f81881e54,Getafe
"Facultad de Humanidades, Comunicación y Documentación. (Getafe)",c864adcb5874744cbe44e9577629f357,Getafe
Centro Universitario Guardia Civil,207bbbaf43744f00d416c51744a24e75,Aranjuez
"Facultad de Humanidades, Comunicación y Documentación. (Getafe)",c864adcb5874744cbe44e9577629f357,Getafe
"Facultad de Humanidades, Comunicación y Documentación. (Getafe)",c864adcb5874744cbe44e9577629f357,Getafe
Escuela Politécnica Superior. (Leganés),5942f7814d678391c3852a6ec32e0ca3,Leganés
Escuela Politécnica Superior. (Leganés),5942f7814d678391c3852a6ec32e0ca3,Leganés
Escuela Politécnica Superior. (Leganés),5942f7814d678391c3852a6ec32e0ca3,Leganés
Escuela Politécnica Superior. (Leganés),5942f7814d678391c3852a6ec32e0ca3,Leganés
Centro Universitario Guardia Civil,207bbbaf43744f00d416c51744a24e75,Aranjuez
Escuela Politécnica Superior. (Leganés),5942f7814d678391c3852a6ec32e0ca3,Leganés
Escuela Politécnica Superior. (Leganés),5942f7814d678391c3852a6ec32e0ca3,Leganés
Escuela Politécnica Superior. (Leganés),5942f7814d678391c3852a6ec32e0ca3,Leganés
Escuela Politécnica Superior. (Leganés),5942f7814d678391c3852a6ec32e0ca3,Leganés
Escuela Politécnica Superior. (Leganés),5942f7814d678391c3852a6ec32e0ca3,Leganés
Escuela Politécnica Superior. (Leganés),5942f7814d678391c3852a6ec32e0ca3,Leganés
Escuela Politécnica Superior. (Leganés),5942f7814d678391c3852a6ec32e0ca3,Leganés
Escuela Politécnica Superior (Colmenarejo),cb71cd7a5c265b428c6d7b9db0bcbd37,Colmenarejo
Escuela Politécnica Superior. (Leganés),5942f7814d678391c3852a6ec32e0ca3,Leganés
Escuela Politécnica Superior. (Leganés),5942f7814d678391c3852a6ec32e0ca3,Leganés
Escuela Politécnica Superior. (Leganés),5942f7814d678391c3852a6ec32e0ca3,Leganés
Escuela Politécnica Superior. (Leganés),5942f7814d678391c3852a6ec32e0ca3,Leganés
"Facultad de Humanidades, Comunicación y Documentación. (Getafe)",c864adcb5874744cbe44e9577629f357,Getafe
Facultad de Ciencias Sociales y Jurídicas. (Getafe),2db221c96d63c1dbaacc647f81881e54,Getafe
Facultad de Ciencias Sociales y Jurídicas. (Getafe),2db221c96d63c1dbaacc647f81881e54,Getafe
Facultad de Ciencias Sociales y Jurídicas. (Getafe),2db221c96d63c1dbaacc647f81881e54,Getafe
Escuela Politécnica Superior. (Leganés),5942f7814d678391c3852a6ec32e0ca3,Getafe
Facultad de Ciencias Sociales y Jurídicas. (Getafe),2db221c96d63c1dbaacc647f81881e54,Getafe
Facultad de Ciencias Sociales y Jurídicas (Colmenarejo),c899019aac69cabef54854294b95a0a1,Colmenarejo
Facultad de Ciencias Sociales y Jurídicas. (Getafe),2db221c96d63c1dbaacc647f81881e54,Getafe
Facultad de Ciencias Sociales y Jurídicas. (Getafe),2db221c96d63c1dbaacc647f81881e54,Getafe
Escuela Politécnica Superior (Colmenarejo),cb71cd7a5c265b428c6d7b9db0bcbd37,Colmenarejo
Escuela Politécnica Superior. (Leganés),5942f7814d678391c3852a6ec32e0ca3,Leganés
"Facultad de Humanidades, Comunicación y Documentación. (Getafe)",c864adcb5874744cbe44e9577629f357,Getafe
Facultad de Ciencias Sociales y Jurídicas. (Getafe),2db221c96d63c1dbaacc647f81881e54,Getafe
"Facultad de Humanidades, Comunicación y Documentación. (Getafe)",c864adcb5874744cbe44e9577629f357,Getafe
Facultad de Ciencias Sociales y Jurídicas. (Getafe),2db221c96d63c1dbaacc647f81881e54,Getafe
Facultad de Ciencias Sociales y Jurídicas. (Getafe),2db221c96d63c1dbaacc647f81881e54,Getafe
Facultad de Ciencias Sociales y Jurídicas. (Getafe),2db221c96d63c1dbaacc647f81881e54,Getafe
Facultad de Ciencias Sociales y Jurídicas. (Getafe),2db221c96d63c1dbaacc647f81881e54,Getafe
Escuela Politécnica Superior. (Leganés),5942f7814d678391c3852a6ec32e0ca3,Leganés
Escuela Politécnica Superior. (Leganés),5942f7814d678391c3852a6ec32e0ca3,Leganés
Centro de Postgrado,6fd29b6a5cccd64011b301a83dbbdc3e,Madrid- Puerta de Toledo
Centro Universitario Guardia Civil,207bbbaf43744f00d416c51744a24e75,Aranjuez
Centro de Postgrado,6fd29b6a5cccd64011b301a83dbbdc3e,Madrid- Puerta de Toledo
Centro de Postgrado,6fd29b6a5cccd64011b301a83dbbdc3e,Madrid- Puerta de Toledo
Centro de Postgrado,6fd29b6a5cccd64011b301a83dbbdc3e,Madrid- Puerta de Toledo
Centro de Postgrado,6fd29b6a5cccd64011b301a83dbbdc3e,Madrid- Puerta de Toledo
Centro de Postgrado,6fd29b6a5cccd64011b301a83dbbdc3e,Leganés
Centro de Postgrado,6fd29b6a5cccd64011b301a83dbbdc3e,Leganés
Centro de Postgrado,6fd29b6a5cccd64011b301a83dbbdc3e,Madrid- Puerta de Toledo
Centro de Postgrado,6fd29b6a5cccd64011b301a83dbbdc3e,Getafe
Centro de Postgrado,6fd29b6a5cccd64011b301a83dbbdc3e,Madrid- Puerta de Toledo
Centro de Postgrado,6fd29b6a5cccd64011b301a83dbbdc3e,Madrid- Puerta de Toledo
Centro de Postgrado,6fd29b6a5cccd64011b301a83dbbdc3e,Madrid- Puerta de Toledo
Centro de Postgrado,6fd29b6a5cccd64011b301a83dbbdc3e,Madrid- Puerta de Toledo
Centro de Postgrado,6fd29b6a5cccd64011b301a83dbbdc3e,Madrid- Puerta de Toledo
Centro Universitario Guardia Civil,207bbbaf43744f00d416c51744a24e75,Aranjuez
Centro Universitario Guardia Civil,207bbbaf43744f00d416c51744a24e75,Aranjuez
Centro de Postgrado,6fd29b6a5cccd64011b301a83dbbdc3e,Madrid- Puerta de Toledo
Centro de Postgrado,6fd29b6a5cccd64011b301a83dbbdc3e,Madrid- Puerta de Toledo
Centro de Postgrado,6fd29b6a5cccd64011b301a83dbbdc3e,Madrid- Puerta de Toledo
Centro de Postgrado,6fd29b6a5cccd64011b301a83dbbdc3e,Getafe
Centro de Postgrado,6fd29b6a5cccd64011b301a83dbbdc3e,Getafe
Centro de Postgrado,6fd29b6a5cccd64011b301a83dbbdc3e,Leganés
Centro de Postgrado,6fd29b6a5cccd64011b301a83dbbdc3e,Getafe
Centro de Postgrado,6fd29b6a5cccd64011b301a83dbbdc3e,Leganés
Centro de Postgrado,6fd29b6a5cccd64011b301a83dbbdc3e,Leganés
Centro de Postgrado,6fd29b6a5cccd64011b301a83dbbdc3e,Leganés
Centro de Postgrado,6fd29b6a5cccd64011b301a83dbbdc3e,Leganés
Centro de Postgrado,6fd29b6a5cccd64011b301a83dbbdc3e,Leganés
Centro de Postgrado,6fd29b6a5cccd64011b301a83dbbdc3e,Getafe
Centro de Postgrado,6fd29b6a5cccd64011b301a83dbbdc3e,Madrid- Puerta de Toledo
Centro de Postgrado,6fd29b6a5cccd64011b301a83dbbdc3e,Madrid- Puerta de Toledo
Centro de Postgrado,6fd29b6a5cccd64011b301a83dbbdc3e,Getafe
Centro de Postgrado,6fd29b6a5cccd64011b301a83dbbdc3e,Getafe
Centro de Postgrado,6fd29b6a5cccd64011b301a83dbbdc3e,Getafe
Centro de Postgrado,6fd29b6a5cccd64011b301a83dbbdc3e,Leganés
Centro de Postgrado,6fd29b6a5cccd64011b301a83dbbdc3e,Leganés
Centro de Postgrado,6fd29b6a5cccd64011b301a83dbbdc3e,Getafe
Centro de Postgrado,6fd29b6a5cccd64011b301a83dbbdc3e,Madrid- Puerta de Toledo
Centro de Postgrado,6fd29b6a5cccd64011b301a83dbbdc3e,Madrid- Puerta de Toledo
Centro de Postgrado,6fd29b6a5cccd64011b301a83dbbdc3e,Madrid- Puerta de Toledo
Centro de Postgrado,6fd29b6a5cccd64011b301a83dbbdc3e,Leganés
Centro Universitario Guardia Civil,207bbbaf43744f00d416c51744a24e75,Aranjuez
Centro de Postgrado,6fd29b6a5cccd64011b301a83dbbdc3e,Madrid- Puerta de Toledo
Centro de Postgrado,6fd29b6a5cccd64011b301a83dbbdc3e,Getafe
Centro de Postgrado,6fd29b6a5cccd64011b301a83dbbdc3e,Madrid- Puerta de Toledo
Centro de Postgrado,6fd29b6a5cccd64011b301a83dbbdc3e,Madrid- Puerta de Toledo
Centro de Postgrado,6fd29b6a5cccd64011b301a83dbbdc3e,Madrid- Puerta de Toledo
Centro de Postgrado,6fd29b6a5cccd64011b301a83dbbdc3e,Getafe
Centro de Postgrado,6fd29b6a5cccd64011b301a83dbbdc3e,Madrid- Puerta de Toledo
Centro de Postgrado,6fd29b6a5cccd64011b301a83dbbdc3e,Getafe
Centro de Postgrado,6fd29b6a5cccd64011b301a83dbbdc3e,Madrid- Puerta de Toledo
Centro de Postgrado,6fd29b6a5cccd64011b301a83dbbdc3e,Madrid- Puerta de Toledo
Centro de Postgrado,6fd29b6a5cccd64011b301a83dbbdc3e,Madrid- Puerta de Toledo
Centro de Postgrado,6fd29b6a5cccd64011b301a83dbbdc3e,Getafe
Centro de Postgrado,6fd29b6a5cccd64011b301a83dbbdc3e,Madrid- Puerta de Toledo
Centro de Postgrado,6fd29b6a5cccd64011b301a83dbbdc3e,Madrid- Puerta de Toledo
Centro de Postgrado,6fd29b6a5cccd64011b301a83dbbdc3e,Getafe
Centro de Postgrado,6fd29b6a5cccd64011b301a83dbbdc3e,Getafe
Centro de Postgrado,6fd29b6a5cccd64011b301a83dbbdc3e,Getafe
Centro de Postgrado,6fd29b6a5cccd64011b301a83dbbdc3e,Leganés
Centro de Postgrado,6fd29b6a5cccd64011b301a83dbbdc3e,Madrid- Puerta de Toledo
Centro de Postgrado,6fd29b6a5cccd64011b301a83dbbdc3e,Madrid- Puerta de Toledo
Centro de Postgrado,6fd29b6a5cccd64011b301a83dbbdc3e,Madrid- Puerta de Toledo
Centro de Postgrado,6fd29b6a5cccd64011b301a83dbbdc3e,Madrid- Puerta de Toledo
Centro de Postgrado,6fd29b6a5cccd64011b301a83dbbdc3e,Madrid- Puerta de Toledo
Centro de Postgrado,6fd29b6a5cccd64011b301a83dbbdc3e,Leganés
Centro de Postgrado,6fd29b6a5cccd64011b301a83dbbdc3e,Leganés
Centro de Postgrado,6fd29b6a5cccd64011b301a83dbbdc3e,Leganés
Centro de Postgrado,6fd29b6a5cccd64011b301a83dbbdc3e,Madrid- Puerta de Toledo
Centro de Postgrado,6fd29b6a5cccd64011b301a83dbbdc3e,Leganés
Centro de Postgrado,6fd29b6a5cccd64011b301a83dbbdc3e,Madrid- Puerta de Toledo
Centro de Postgrado,6fd29b6a5cccd64011b301a83dbbdc3e,Leganés
Centro de Postgrado,6fd29b6a5cccd64011b301a83dbbdc3e,Leganés
Centro de Postgrado,6fd29b6a5cccd64011b301a83dbbdc3e,Leganés
Centro de Postgrado,6fd29b6a5cccd64011b301a83dbbdc3e,Leganés
Centro de Postgrado,6fd29b6a5cccd64011b301a83dbbdc3e,Leganés
Centro Universitario Guardia Civil,207bbbaf43744f00d416c51744a24e75,Aranjuez
Centro de Postgrado,6fd29b6a5cccd64011b301a83dbbdc3e,Leganés
Centro Universitario Guardia Civil,207bbbaf43744f00d416c51744a24e75,Aranjuez
Facultad de Bellas Artes,3adf5ad73e5a394a007a567116896e21,Ciudad Universitaria
Facultad de Óptica y Optometría,b7a875c9e0efff1ffe9658674541349d,Ciudad Universitaria
Facultad de Ciencias Matemáticas,5469dd8f1704e718d5fd7f3a3061d0c7,Ciudad Universitaria
Facultad de Ciencias Matemáticas,5469dd8f1704e718d5fd7f3a3061d0c7,Ciudad Universitaria
Facultad de Ciencias Matemáticas,5469dd8f1704e718d5fd7f3a3061d0c7,Ciudad Universitaria
Facultad de Medicina,fbc8c97f50ec5f97384e3943effcfc37,Ciudad Universitaria
Facultad de Psicología,1e0665df3872855bfa1113aa21aa3ed0,Somosaguas
Facultad de Ciencias de la Documentación,d0452b97befa21b68d93a6c01d0e07a7,Ciudad Universitaria
Facultad de Ciencias Físicas,8fdc1b02a4c7707e8e4b6a1dead6d885,Ciudad Universitaria
Facultad de Ciencias Geológicas,842ad0c40c37510d7a2d712a4a44a0f4,Ciudad Universitaria
Facultad de Ciencias Políticas y Sociología,565e7def2178a50e488ff57a702a4784,Somosaguas
Facultad de Ciencias Biológicas,10f65083679057ad745923e52f862aa6,Ciudad Universitaria
Facultad de Farmacia,bd4f8bbf9e721ea15b54f96164fff8a0,Ciudad Universitaria
Facultad de Informática,8b380e37b7be11a7d3725305d9a69ad5,Ciudad Universitaria
Facultad de Informática,8b380e37b7be11a7d3725305d9a69ad5,Ciudad Universitaria
Facultad de Informática,8b380e37b7be11a7d3725305d9a69ad5,Ciudad Universitaria
Facultad de Informática,8b380e37b7be11a7d3725305d9a69ad5,Ciudad Universitaria
Facultad de Filología,8312cb0507172385aa6f9898f0f8ee2d,Ciudad Universitaria
Facultad de Filosofía,672a84eb4c93a3b5ec0c1a4bda416010,Ciudad Universitaria
Facultad de Derecho,2711f7a42d0922c36a918515c3bfdf43,Ciudad Universitaria
Facultad de Derecho,2711f7a42d0922c36a918515c3bfdf43,Ciudad Universitaria
"Facultad de Enfermería, Fisioterapia y Podología",5baf878c0ba5dc048aa32f192503ff35,Ciudad Universitaria
"Facultad de Enfermería, Fisioterapia y Podología",5baf878c0ba5dc048aa32f192503ff35,Ciudad Universitaria
"Facultad de Enfermería, Fisioterapia y Podología",5baf878c0ba5dc048aa32f192503ff35,Ciudad Universitaria
Facultad de Ciencias Físicas,8fdc1b02a4c7707e8e4b6a1dead6d885,Ciudad Universitaria
Facultad de Psicología,1e0665df3872855bfa1113aa21aa3ed0,Somosaguas
Colegio Universitario Cardenal Cisneros,8900f1ee79ac2f71017c92c042296125,"Campus del centro ""Centro de Enseñanza Superior Cardenal Cisneros"""
Real Centro Universitario Escorial - María Cristina,bdead005238c721bbfe3c1012379ad23,"Campus del centro ""Centro de Enseñanza Superior Real Centro Universitario Escorial-María Cristina"""
Instituto de Estudios Bursátiles,56f0f29d4104f13941cdc55849e22ba1,"Campus del centro ""Centro de Enseñanza Superior Instituto de Estudios Bursátiles"""
Instituto Superior de Derecho y Economía,713c1fe7a7d108f0d1b7a9cb36244a4c,Ciudad Universitaria
Colegio Universitario de Estudios Financieros - CUNEF,5201e2d8e584454879621e0821caecfb,"Campus del centro ""Centro Universitario de Estudios Financieros CUNEF"""
Colegio Universitario Cardenal Cisneros,8900f1ee79ac2f71017c92c042296125,"Campus del centro ""Centro de Enseñanza Superior Cardenal Cisneros"""
Facultad de Comercio y Turismo,cecf68b05b23ffaa6601987a6a2a694c,Ciudad Universitaria
Facultad de Educación,716156934887f552bd5ae03c3a997c88,Ciudad Universitaria
Facultad de Educación,716156934887f552bd5ae03c3a997c88,Ciudad Universitaria
Facultad de Educación,716156934887f552bd5ae03c3a997c88,Ciudad Universitaria
Facultad de Educación,716156934887f552bd5ae03c3a997c88,Ciudad Universitaria
Facultad de Ciencias Políticas y Sociología,565e7def2178a50e488ff57a702a4784,Somosaguas
Facultad de Ciencias Políticas y Sociología,565e7def2178a50e488ff57a702a4784,Somosaguas
Centro Universitario Villanueva,2e315c973863f07e82adad3c6eb4a750,"Campus del centro ""Centro de Enseñanza Superior Villanueva"""
Facultad de Filología,8312cb0507172385aa6f9898f0f8ee2d,Ciudad Universitaria
Facultad de Estudios Estadísticos,8722caa94dc22b0abb189558dc768348,Ciudad Universitaria
Facultad de Informática,8b380e37b7be11a7d3725305d9a69ad5,Ciudad Universitaria
Facultad de Ciencias Matemáticas,5469dd8f1704e718d5fd7f3a3061d0c7,Ciudad Universitaria
Facultad de Filología,8312cb0507172385aa6f9898f0f8ee2d,Ciudad Universitaria
Facultad de Derecho,2711f7a42d0922c36a918515c3bfdf43,Ciudad Universitaria
Facultad de Ciencias Políticas y Sociología,565e7def2178a50e488ff57a702a4784,Somosaguas
Facultad de Filología,8312cb0507172385aa6f9898f0f8ee2d,Ciudad Universitaria
Facultad de Filosofía,672a84eb4c93a3b5ec0c1a4bda416010,Ciudad Universitaria
Facultad de Odontología,3559f08790752081d0c6b0e29c23cb6f,Ciudad Universitaria
Facultad de Ciencias Químicas,9bf578f58bde8e21980f2e4fc0db1fb9,Ciudad Universitaria
Facultad de Ciencias Químicas,9bf578f58bde8e21980f2e4fc0db1fb9,Ciudad Universitaria
Facultad de Estudios Estadísticos,8722caa94dc22b0abb189558dc768348,Ciudad Universitaria
Facultad de Geografía e Historia,933b1709080057b01862ecd64dedcd08,Ciudad Universitaria
Facultad de Geografía e Historia,933b1709080057b01862ecd64dedcd08,Ciudad Universitaria
Facultad de Geografía e Historia,933b1709080057b01862ecd64dedcd08,Ciudad Universitaria
Facultad de Trabajo Social,8c358a7524b9b9eed00a08f3d1b2db8c,Somosaguas
Facultad de Comercio y Turismo,cecf68b05b23ffaa6601987a6a2a694c,Ciudad Universitaria
Facultad de Filología,8312cb0507172385aa6f9898f0f8ee2d,Ciudad Universitaria
Facultad de Filología,8312cb0507172385aa6f9898f0f8ee2d,Ciudad Universitaria
Facultad de Ciencias Económicas y Empresariales,e3b851410a17f7c5066b3b9866e1c810,Somosaguas
Facultad de Ciencias Económicas y Empresariales,e3b851410a17f7c5066b3b9866e1c810,Somosaguas
Facultad de Ciencias Políticas y Sociología,565e7def2178a50e488ff57a702a4784,Somosaguas
Facultad de Filología,8312cb0507172385aa6f9898f0f8ee2d,Ciudad Universitaria
Facultad de Ciencias Químicas,9bf578f58bde8e21980f2e4fc0db1fb9,Ciudad Universitaria
Facultad de Ciencias de la Información,2989c9e7665553a5a8c37d5cf2e4ae6f,Ciudad Universitaria
Facultad de Ciencias de la Información,2989c9e7665553a5a8c37d5cf2e4ae6f,Ciudad Universitaria
Facultad de Ciencias de la Información,2989c9e7665553a5a8c37d5cf2e4ae6f,Ciudad Universitaria
Colegio Universitario de Estudios Financieros - CUNEF,5201e2d8e584454879621e0821caecfb,"Campus del centro ""Centro Universitario de Estudios Financieros CUNEF"""
Centro Universitario Villanueva,2e315c973863f07e82adad3c6eb4a750,"Campus del centro ""Centro de Enseñanza Superior Villanueva"""
Facultad de Veterinaria,4ad5f4b2556c79b42c55d541de0d69bb,Ciudad Universitaria
Facultad de Geografía e Historia,933b1709080057b01862ecd64dedcd08,Ciudad Universitaria
Facultad de Medicina,fbc8c97f50ec5f97384e3943effcfc37,Ciudad Universitaria
Facultad de Bellas Artes,3adf5ad73e5a394a007a567116896e21,Ciudad Universitaria
Facultad de Bellas Artes,3adf5ad73e5a394a007a567116896e21,Ciudad Universitaria
"Centro de Enseñanza Superior en Humanidades y Ciencias de la Educación ""Don Bosco""",0e3b74ec439cb8e2ad11872f43cf0bf5,"Campus del centro ""Centro de Enseñanza Superior en Humanidades y Ciencias de la Educación Don Bosco"""
"Centro de Enseñanza Superior en Humanidades y Ciencias de la Educación ""Don Bosco""",0e3b74ec439cb8e2ad11872f43cf0bf5,"Campus del centro ""Centro de Enseñanza Superior en Humanidades y Ciencias de la Educación Don Bosco"""
"Centro de Enseñanza Superior en Humanidades y Ciencias de la Educación ""Don Bosco""",0e3b74ec439cb8e2ad11872f43cf0bf5,"Campus del centro ""Centro de Enseñanza Superior en Humanidades y Ciencias de la Educación Don Bosco"""
Escuela Universitaria de Magisterio - Escuni,56401577979954116d7902aa081a7565,"Campus del centro ""Escuela Universitaria de Profesorado de E.G.B. Escuni"""
Escuela Universitaria de Magisterio - Escuni,56401577979954116d7902aa081a7565,"Campus del centro ""Escuela Universitaria de Profesorado de E.G.B. Escuni"""
"Escuela Universitaria de Magisterio ""Fomento de Centros de Enseñanza""",f5d833620dc42e4694ff7f93ec5fa085,"Campus del centro ""Escuela Universitaria de Profesorado de E.G.B. Fomento de Centros de Enseñanza"""
"Escuela Universitaria de Magisterio ""Fomento de Centros de Enseñanza""",f5d833620dc42e4694ff7f93ec5fa085,"Campus del centro ""Escuela Universitaria de Profesorado de E.G.B. Fomento de Centros de Enseñanza"""
Centro Universitario Villanueva,2e315c973863f07e82adad3c6eb4a750,"Campus del centro ""Centro de Enseñanza Superior Villanueva"""
Centro Universitario Villanueva,2e315c973863f07e82adad3c6eb4a750,"Campus del centro ""Centro de Enseñanza Superior Villanueva"""
Facultad de Medicina,fbc8c97f50ec5f97384e3943effcfc37,Ciudad Universitaria
Facultad de Ciencias Geológicas,842ad0c40c37510d7a2d712a4a44a0f4,Ciudad Universitaria
Colegio Universitario Cardenal Cisneros,8900f1ee79ac2f71017c92c042296125,"Campus del centro ""Centro de Enseñanza Superior Cardenal Cisneros"""
Real Centro Universitario Escorial - María Cristina,bdead005238c721bbfe3c1012379ad23,"Campus del centro ""Centro de Enseñanza Superior Real Centro Universitario Escorial-María Cristina"""
Facultad de Veterinaria,4ad5f4b2556c79b42c55d541de0d69bb,Ciudad Universitaria
Facultad de Ciencias Físicas,8fdc1b02a4c7707e8e4b6a1dead6d885,Ciudad Universitaria
Facultad de Geografía e Historia,933b1709080057b01862ecd64dedcd08,Ciudad Universitaria
Facultad de Derecho,2711f7a42d0922c36a918515c3bfdf43,Ciudad Universitaria
Facultad de Filología,8312cb0507172385aa6f9898f0f8ee2d,Ciudad Universitaria
Facultad de Filología,8312cb0507172385aa6f9898f0f8ee2d,Ciudad Universitaria
"Centro de Enseñanza Superior en Humanidades y Ciencias de la Educación ""Don Bosco""",0e3b74ec439cb8e2ad11872f43cf0bf5,"Campus del centro ""Centro de Enseñanza Superior en Humanidades y Ciencias de la Educación Don Bosco"""
Facultad de Ciencias Económicas y Empresariales,e3b851410a17f7c5066b3b9866e1c810,Somosaguas
Centro Universitario Villanueva,2e315c973863f07e82adad3c6eb4a750,"Campus del centro ""Centro de Enseñanza Superior Villanueva"""
Facultad de Filología,8312cb0507172385aa6f9898f0f8ee2d,Ciudad Universitaria
Facultad de Filología,8312cb0507172385aa6f9898f0f8ee2d,Ciudad Universitaria
Facultad de Educación,716156934887f552bd5ae03c3a997c88,Ciudad Universitaria
Facultad de Derecho,2711f7a42d0922c36a918515c3bfdf43,Ciudad Universitaria
Facultad de Ciencias Económicas y Empresariales,e3b851410a17f7c5066b3b9866e1c810,Somosaguas
Facultad de Derecho,2711f7a42d0922c36a918515c3bfdf43,Ciudad Universitaria
Colegio Universitario de Estudios Financieros - CUNEF,5201e2d8e584454879621e0821caecfb,"Campus del centro ""Centro Universitario de Estudios Financieros CUNEF"""
Facultad de Derecho,2711f7a42d0922c36a918515c3bfdf43,Ciudad Universitaria
Facultad de Ciencias Políticas y Sociología,565e7def2178a50e488ff57a702a4784,Somosaguas
Facultad de Filosofía,672a84eb4c93a3b5ec0c1a4bda416010,Ciudad Universitaria
Facultad de Derecho,2711f7a42d0922c36a918515c3bfdf43,Ciudad Universitaria
Facultad de Filología,8312cb0507172385aa6f9898f0f8ee2d,Ciudad Universitaria
Facultad de Geografía e Historia,933b1709080057b01862ecd64dedcd08,Ciudad Universitaria
Facultad de Filosofía,672a84eb4c93a3b5ec0c1a4bda416010,Ciudad Universitaria
Facultad de Ciencias Políticas y Sociología,565e7def2178a50e488ff57a702a4784,Somosaguas
Facultad de Ciencias Políticas y Sociología,565e7def2178a50e488ff57a702a4784,Somosaguas
Facultad de Comercio y Turismo,cecf68b05b23ffaa6601987a6a2a694c,Ciudad Universitaria
Facultad de Medicina,fbc8c97f50ec5f97384e3943effcfc37,Ciudad Universitaria
Facultad de Farmacia,bd4f8bbf9e721ea15b54f96164fff8a0,Ciudad Universitaria
Colegio Universitario Cardenal Cisneros,8900f1ee79ac2f71017c92c042296125,"Campus del centro ""Centro de Enseñanza Superior Cardenal Cisneros"""
Facultad de Educación,716156934887f552bd5ae03c3a997c88,Ciudad Universitaria
Facultad de Educación,716156934887f552bd5ae03c3a997c88,Ciudad Universitaria
Facultad de Educación,716156934887f552bd5ae03c3a997c88,Ciudad Universitaria
Centro Universitario Villanueva,2e315c973863f07e82adad3c6eb4a750,"Campus del centro ""Centro de Enseñanza Superior Villanueva"""
Escuela Universitaria de Magisterio - Escuni,56401577979954116d7902aa081a7565,"Campus del centro ""Escuela Universitaria de Profesorado de E.G.B. Escuni"""
Facultad de Ciencias Químicas,9bf578f58bde8e21980f2e4fc0db1fb9,Ciudad Universitaria
Facultad de Ciencias Políticas y Sociología,565e7def2178a50e488ff57a702a4784,Somosaguas
Facultad de Ciencias Económicas y Empresariales,e3b851410a17f7c5066b3b9866e1c810,Somosaguas
Facultad de Ciencias Políticas y Sociología,565e7def2178a50e488ff57a702a4784,Somosaguas
Facultad de Ciencias Económicas y Empresariales,e3b851410a17f7c5066b3b9866e1c810,Somosaguas
Facultad de Ciencias Matemáticas,5469dd8f1704e718d5fd7f3a3061d0c7,Ciudad Universitaria
Facultad de Ciencias Físicas,8fdc1b02a4c7707e8e4b6a1dead6d885,Ciudad Universitaria
Facultad de Ciencias Económicas y Empresariales,e3b851410a17f7c5066b3b9866e1c810,Somosaguas
Facultad de Ciencias Matemáticas,5469dd8f1704e718d5fd7f3a3061d0c7,Ciudad Universitaria
Facultad de Informática,8b380e37b7be11a7d3725305d9a69ad5,Ciudad Universitaria
Facultad de Ciencias Económicas y Empresariales,e3b851410a17f7c5066b3b9866e1c810,Somosaguas
Facultad de Informática,8b380e37b7be11a7d3725305d9a69ad5,Ciudad Universitaria
Facultad de Ciencias Matemáticas,5469dd8f1704e718d5fd7f3a3061d0c7,Ciudad Universitaria
Facultad de Psicología,1e0665df3872855bfa1113aa21aa3ed0,Somosaguas
"Centro de Enseñanza Superior en Humanidades y Ciencias de la Educación ""Don Bosco""",0e3b74ec439cb8e2ad11872f43cf0bf5,"Campus del centro ""Centro de Enseñanza Superior en Humanidades y Ciencias de la Educación Don Bosco"""
"Centro de Enseñanza Superior en Humanidades y Ciencias de la Educación ""Don Bosco""",0e3b74ec439cb8e2ad11872f43cf0bf5,"Campus del centro ""Centro de Enseñanza Superior en Humanidades y Ciencias de la Educación Don Bosco"""
Facultad de Derecho,2711f7a42d0922c36a918515c3bfdf43,Ciudad Universitaria
Facultad de Ciencias Matemáticas,5469dd8f1704e718d5fd7f3a3061d0c7,Ciudad Universitaria
Facultad de Ciencias Económicas y Empresariales,e3b851410a17f7c5066b3b9866e1c810,Somosaguas
"Centro de Enseñanza Superior en Humanidades y Ciencias de la Educación ""Don Bosco""",0e3b74ec439cb8e2ad11872f43cf0bf5,"Campus del centro ""Centro de Enseñanza Superior en Humanidades y Ciencias de la Educación Don Bosco"""
Facultad de Ciencias Químicas,9bf578f58bde8e21980f2e4fc0db1fb9,Ciudad Universitaria
Facultad de Ciencias Políticas y Sociología,565e7def2178a50e488ff57a702a4784,Somosaguas
Facultad de Psicología,1e0665df3872855bfa1113aa21aa3ed0,Somosaguas
Facultad de Geografía e Historia,933b1709080057b01862ecd64dedcd08,Ciudad Universitaria
Instituto Universitario Ortega y Gasset,fb43af42e874fa996e97cad6e8c9e244,"Campus del centro ""Instituto Universitario Ortega y Gasset"""
Facultad de Informática,8b380e37b7be11a7d3725305d9a69ad5,Ciudad Universitaria
Facultad de Ciencias de la Información,2989c9e7665553a5a8c37d5cf2e4ae6f,Ciudad Universitaria
Facultad de Filosofía,672a84eb4c93a3b5ec0c1a4bda416010,Ciudad Universitaria
Facultad de Geografía e Historia,933b1709080057b01862ecd64dedcd08,Ciudad Universitaria
Facultad de Geografía e Historia,933b1709080057b01862ecd64dedcd08,Ciudad Universitaria
Facultad de Óptica y Optometría,b7a875c9e0efff1ffe9658674541349d,Ciudad Universitaria
Facultad de Bellas Artes,3adf5ad73e5a394a007a567116896e21,Ciudad Universitaria
Facultad de Bellas Artes,3adf5ad73e5a394a007a567116896e21,Ciudad Universitaria
Facultad de Filosofía,672a84eb4c93a3b5ec0c1a4bda416010,Ciudad Universitaria
Facultad de Geografía e Historia,933b1709080057b01862ecd64dedcd08,Ciudad Universitaria
Facultad de Veterinaria,4ad5f4b2556c79b42c55d541de0d69bb,Ciudad Universitaria
Facultad de Ciencias de la Información,2989c9e7665553a5a8c37d5cf2e4ae6f,Ciudad Universitaria
Facultad de Estudios Estadísticos,8722caa94dc22b0abb189558dc768348,Ciudad Universitaria
Facultad de Derecho,2711f7a42d0922c36a918515c3bfdf43,Ciudad Universitaria
Facultad de Ciencias de la Información,2989c9e7665553a5a8c37d5cf2e4ae6f,Ciudad Universitaria
Facultad de Ciencias Matemáticas,5469dd8f1704e718d5fd7f3a3061d0c7,Ciudad Universitaria
Facultad de Medicina,fbc8c97f50ec5f97384e3943effcfc37,Ciudad Universitaria
Facultad de Psicología,1e0665df3872855bfa1113aa21aa3ed0,Somosaguas
Facultad de Psicología,1e0665df3872855bfa1113aa21aa3ed0,Somosaguas
Facultad de Medicina,fbc8c97f50ec5f97384e3943effcfc37,Ciudad Universitaria
Colegio Universitario Cardenal Cisneros,8900f1ee79ac2f71017c92c042296125,"Campus del centro ""Centro de Enseñanza Superior Cardenal Cisneros"""
Instituto de Estudios Bursátiles,56f0f29d4104f13941cdc55849e22ba1,"Campus del centro ""Centro de Enseñanza Superior Instituto de Estudios Bursátiles"""
Facultad de Ciencias Económicas y Empresariales,e3b851410a17f7c5066b3b9866e1c810,Somosaguas
Facultad de Filología,8312cb0507172385aa6f9898f0f8ee2d,Ciudad Universitaria
Facultad de Derecho,2711f7a42d0922c36a918515c3bfdf43,Ciudad Universitaria
Facultad de Ciencias Económicas y Empresariales,e3b851410a17f7c5066b3b9866e1c810,Somosaguas
"Centro de Enseñanza Superior en Humanidades y Ciencias de la Educación ""Don Bosco""",0e3b74ec439cb8e2ad11872f43cf0bf5,"Campus del centro ""Centro de Enseñanza Superior en Humanidades y Ciencias de la Educación Don Bosco"""
Facultad de Ciencias Físicas,8fdc1b02a4c7707e8e4b6a1dead6d885,Ciudad Universitaria
Facultad de Ciencias Biológicas,10f65083679057ad745923e52f862aa6,Ciudad Universitaria
Facultad de Ciencias Físicas,8fdc1b02a4c7707e8e4b6a1dead6d885,Ciudad Universitaria
Facultad de Ciencias Físicas,8fdc1b02a4c7707e8e4b6a1dead6d885,Ciudad Universitaria
Facultad de Ciencias Físicas,8fdc1b02a4c7707e8e4b6a1dead6d885,Ciudad Universitaria
Facultad de Ciencias Físicas,8fdc1b02a4c7707e8e4b6a1dead6d885,Ciudad Universitaria
Facultad de Ciencias Físicas,8fdc1b02a4c7707e8e4b6a1dead6d885,Ciudad Universitaria
Facultad de Ciencias Biológicas,10f65083679057ad745923e52f862aa6,Ciudad Universitaria
Facultad de Ciencias Biológicas,10f65083679057ad745923e52f862aa6,Ciudad Universitaria
Facultad de Comercio y Turismo,cecf68b05b23ffaa6601987a6a2a694c,Ciudad Universitaria
Facultad de Ciencias de la Información,2989c9e7665553a5a8c37d5cf2e4ae6f,Ciudad Universitaria
Facultad de Comercio y Turismo,cecf68b05b23ffaa6601987a6a2a694c,Ciudad Universitaria
Facultad de Ciencias Económicas y Empresariales,e3b851410a17f7c5066b3b9866e1c810,Somosaguas
Facultad de Ciencias Económicas y Empresariales,e3b851410a17f7c5066b3b9866e1c810,Somosaguas
Facultad de Educación,716156934887f552bd5ae03c3a997c88,Ciudad Universitaria
Facultad de Ciencias Económicas y Empresariales,e3b851410a17f7c5066b3b9866e1c810,Somosaguas
Facultad de Educación,716156934887f552bd5ae03c3a997c88,Ciudad Universitaria
Facultad de Ciencias de la Información,2989c9e7665553a5a8c37d5cf2e4ae6f,Ciudad Universitaria
Facultad de Derecho,2711f7a42d0922c36a918515c3bfdf43,Ciudad Universitaria
Facultad de Ciencias Políticas y Sociología,565e7def2178a50e488ff57a702a4784,Somosaguas
Facultad de Farmacia,bd4f8bbf9e721ea15b54f96164fff8a0,Ciudad Universitaria
Facultad de Farmacia,bd4f8bbf9e721ea15b54f96164fff8a0,Ciudad Universitaria
Facultad de Psicología,1e0665df3872855bfa1113aa21aa3ed0,Somosaguas
Facultad de Psicología,1e0665df3872855bfa1113aa21aa3ed0,Somosaguas
Facultad de Ciencias Químicas,9bf578f58bde8e21980f2e4fc0db1fb9,Ciudad Universitaria
Facultad de Ciencias Geológicas,842ad0c40c37510d7a2d712a4a44a0f4,Ciudad Universitaria
Facultad de Bellas Artes,3adf5ad73e5a394a007a567116896e21,Ciudad Universitaria
Facultad de Filología,8312cb0507172385aa6f9898f0f8ee2d,Ciudad Universitaria
Facultad de Ciencias Matemáticas,5469dd8f1704e718d5fd7f3a3061d0c7,Ciudad Universitaria
Facultad de Psicología,1e0665df3872855bfa1113aa21aa3ed0,Somosaguas
Facultad de Medicina,fbc8c97f50ec5f97384e3943effcfc37,Ciudad Universitaria
Facultad de Bellas Artes,3adf5ad73e5a394a007a567116896e21,Ciudad Universitaria
Facultad de Ciencias de la Información,2989c9e7665553a5a8c37d5cf2e4ae6f,Ciudad Universitaria
Facultad de Ciencias Matemáticas,5469dd8f1704e718d5fd7f3a3061d0c7,Ciudad Universitaria
Facultad de Ciencias Biológicas,10f65083679057ad745923e52f862aa6,Ciudad Universitaria
Facultad de Ciencias Biológicas,10f65083679057ad745923e52f862aa6,Ciudad Universitaria
Facultad de Ciencias Biológicas,10f65083679057ad745923e52f862aa6,Ciudad Universitaria
Facultad de Educación,716156934887f552bd5ae03c3a997c88,Ciudad Universitaria
Facultad de Ciencias Biológicas,10f65083679057ad745923e52f862aa6,Ciudad Universitaria
Colegio Universitario Cardenal Cisneros,8900f1ee79ac2f71017c92c042296125,"Campus del centro ""Centro de Enseñanza Superior Cardenal Cisneros"""
Facultad de Educación,716156934887f552bd5ae03c3a997c88,Ciudad Universitaria
Facultad de Geografía e Historia,933b1709080057b01862ecd64dedcd08,Ciudad Universitaria
Facultad de Comercio y Turismo,cecf68b05b23ffaa6601987a6a2a694c,Ciudad Universitaria
Facultad de Filología,8312cb0507172385aa6f9898f0f8ee2d,Ciudad Universitaria
Facultad de Estudios Estadísticos,8722caa94dc22b0abb189558dc768348,Ciudad Universitaria
Facultad de Comercio y Turismo,cecf68b05b23ffaa6601987a6a2a694c,Ciudad Universitaria
Facultad de Ciencias Matemáticas,5469dd8f1704e718d5fd7f3a3061d0c7,Ciudad Universitaria
Facultad de Ciencias Políticas y Sociología,565e7def2178a50e488ff57a702a4784,Somosaguas
Facultad de Ciencias Políticas y Sociología,565e7def2178a50e488ff57a702a4784,Somosaguas
Facultad de Ciencias Políticas y Sociología,565e7def2178a50e488ff57a702a4784,Somosaguas
Facultad de Farmacia,bd4f8bbf9e721ea15b54f96164fff8a0,Ciudad Universitaria
Facultad de Filología,8312cb0507172385aa6f9898f0f8ee2d,Ciudad Universitaria
Facultad de Filología,8312cb0507172385aa6f9898f0f8ee2d,Ciudad Universitaria
Facultad de Filología,8312cb0507172385aa6f9898f0f8ee2d,Ciudad Universitaria
Facultad de Ciencias Políticas y Sociología,565e7def2178a50e488ff57a702a4784,Somosaguas
Facultad de Ciencias Económicas y Empresariales,e3b851410a17f7c5066b3b9866e1c810,Somosaguas
Facultad de Filología,8312cb0507172385aa6f9898f0f8ee2d,Ciudad Universitaria
Facultad de Ciencias Matemáticas,5469dd8f1704e718d5fd7f3a3061d0c7,Ciudad Universitaria
Facultad de Ciencias de la Información,2989c9e7665553a5a8c37d5cf2e4ae6f,Ciudad Universitaria
Facultad de Geografía e Historia,933b1709080057b01862ecd64dedcd08,Ciudad Universitaria
Centro Universitario Villanueva,2e315c973863f07e82adad3c6eb4a750,"Campus del centro ""Centro de Enseñanza Superior Villanueva"""
Facultad de Psicología,1e0665df3872855bfa1113aa21aa3ed0,Somosaguas
Facultad de Óptica y Optometría,b7a875c9e0efff1ffe9658674541349d,Ciudad Universitaria
Facultad de Ciencias Biológicas,10f65083679057ad745923e52f862aa6,Ciudad Universitaria
Facultad de Ciencias Políticas y Sociología,565e7def2178a50e488ff57a702a4784,Somosaguas
Facultad de Ciencias Geológicas,842ad0c40c37510d7a2d712a4a44a0f4,Ciudad Universitaria
Facultad de Informática,8b380e37b7be11a7d3725305d9a69ad5,Ciudad Universitaria
Facultad de Medicina,fbc8c97f50ec5f97384e3943effcfc37,Ciudad Universitaria
Facultad de Ciencias Políticas y Sociología,565e7def2178a50e488ff57a702a4784,Somosaguas
Facultad de Ciencias Geológicas,842ad0c40c37510d7a2d712a4a44a0f4,Ciudad Universitaria
Facultad de Ciencias Geológicas,842ad0c40c37510d7a2d712a4a44a0f4,Ciudad Universitaria
Facultad de Filología,8312cb0507172385aa6f9898f0f8ee2d,Ciudad Universitaria
Facultad de Filología,8312cb0507172385aa6f9898f0f8ee2d,Ciudad Universitaria
Facultad de Filosofía,672a84eb4c93a3b5ec0c1a4bda416010,Ciudad Universitaria
Facultad de Filosofía,672a84eb4c93a3b5ec0c1a4bda416010,Ciudad Universitaria
Facultad de Geografía e Historia,933b1709080057b01862ecd64dedcd08,Ciudad Universitaria
Facultad de Trabajo Social,8c358a7524b9b9eed00a08f3d1b2db8c,Somosaguas
Facultad de Odontología,3559f08790752081d0c6b0e29c23cb6f,Ciudad Universitaria
Facultad de Ciencias Económicas y Empresariales,e3b851410a17f7c5066b3b9866e1c810,Somosaguas
Facultad de Filosofía,672a84eb4c93a3b5ec0c1a4bda416010,Ciudad Universitaria
Facultad de Informática,8b380e37b7be11a7d3725305d9a69ad5,Ciudad Universitaria
Facultad de Filología,8312cb0507172385aa6f9898f0f8ee2d,Ciudad Universitaria
Facultad de Filología,8312cb0507172385aa6f9898f0f8ee2d,Ciudad Universitaria
Facultad de Ciencias Políticas y Sociología,565e7def2178a50e488ff57a702a4784,Somosaguas
Facultad de Educación,716156934887f552bd5ae03c3a997c88,Ciudad Universitaria
Facultad de Ciencias Económicas y Empresariales,e3b851410a17f7c5066b3b9866e1c810,Somosaguas
Facultad de Ciencias Políticas y Sociología,565e7def2178a50e488ff57a702a4784,Somosaguas
Facultad de Ciencias Políticas y Sociología,565e7def2178a50e488ff57a702a4784,Somosaguas
Facultad de Ciencias de la Documentación,d0452b97befa21b68d93a6c01d0e07a7,Ciudad Universitaria
Facultad de Filología,8312cb0507172385aa6f9898f0f8ee2d,Ciudad Universitaria
Facultad de Ciencias Físicas,8fdc1b02a4c7707e8e4b6a1dead6d885,Ciudad Universitaria
Facultad de Veterinaria,4ad5f4b2556c79b42c55d541de0d69bb,Ciudad Universitaria
Facultad de Medicina,fbc8c97f50ec5f97384e3943effcfc37,Ciudad Universitaria
Facultad de Trabajo Social,8c358a7524b9b9eed00a08f3d1b2db8c,Somosaguas
Facultad de Ciencias de la Documentación,d0452b97befa21b68d93a6c01d0e07a7,Ciudad Universitaria
Facultad de Farmacia,bd4f8bbf9e721ea15b54f96164fff8a0,Ciudad Universitaria
"Facultad de Enfermería, Fisioterapia y Podología",5baf878c0ba5dc048aa32f192503ff35,Ciudad Universitaria
Facultad de Informática,8b380e37b7be11a7d3725305d9a69ad5,Ciudad Universitaria
Facultad de Geografía e Historia,933b1709080057b01862ecd64dedcd08,Ciudad Universitaria
Facultad de Ciencias Biológicas,10f65083679057ad745923e52f862aa6,Ciudad Universitaria
Facultad de Filología,8312cb0507172385aa6f9898f0f8ee2d,Ciudad Universitaria
Facultad de Filología,8312cb0507172385aa6f9898f0f8ee2d,Ciudad Universitaria
Facultad de Derecho,2711f7a42d0922c36a918515c3bfdf43,Ciudad Universitaria
Facultad de Medicina,fbc8c97f50ec5f97384e3943effcfc37,Ciudad Universitaria
Facultad de Educación,716156934887f552bd5ae03c3a997c88,Ciudad Universitaria
Facultad de Ciencias Químicas,9bf578f58bde8e21980f2e4fc0db1fb9,Ciudad Universitaria
Instituto Superior de Derecho y Economía,713c1fe7a7d108f0d1b7a9cb36244a4c,Ciudad Universitaria
Facultad de Geografía e Historia,933b1709080057b01862ecd64dedcd08,Ciudad Universitaria
Facultad de Ciencias Económicas y Empresariales,e3b851410a17f7c5066b3b9866e1c810,Somosaguas
Facultad de Ciencias de la Documentación,d0452b97befa21b68d93a6c01d0e07a7,Ciudad Universitaria
Facultad de Psicología,1e0665df3872855bfa1113aa21aa3ed0,Somosaguas
Facultad de Ciencias Políticas y Sociología,565e7def2178a50e488ff57a702a4784,Somosaguas
Facultad de Geografía e Historia,933b1709080057b01862ecd64dedcd08,Ciudad Universitaria
Facultad de Ciencias Económicas y Empresariales,e3b851410a17f7c5066b3b9866e1c810,Somosaguas
Facultad de Ciencias Físicas,8fdc1b02a4c7707e8e4b6a1dead6d885,Ciudad Universitaria
Facultad de Filología,8312cb0507172385aa6f9898f0f8ee2d,Ciudad Universitaria
Facultad de Medicina,fbc8c97f50ec5f97384e3943effcfc37,Ciudad Universitaria
Facultad de Bellas Artes,3adf5ad73e5a394a007a567116896e21,Ciudad Universitaria
Facultad de Medicina,fbc8c97f50ec5f97384e3943effcfc37,Ciudad Universitaria
Facultad de Filología,8312cb0507172385aa6f9898f0f8ee2d,Ciudad Universitaria
Facultad de Psicología,1e0665df3872855bfa1113aa21aa3ed0,Somosaguas
Facultad de Educación,716156934887f552bd5ae03c3a997c88,Ciudad Universitaria
Facultad de Bellas Artes,3adf5ad73e5a394a007a567116896e21,Ciudad Universitaria
Facultad de Derecho,2711f7a42d0922c36a918515c3bfdf43,Ciudad Universitaria
Facultad de Ciencias Químicas,9bf578f58bde8e21980f2e4fc0db1fb9,Ciudad Universitaria
Facultad de Ciencias Físicas,8fdc1b02a4c7707e8e4b6a1dead6d885,Ciudad Universitaria
Facultad de Ciencias Biológicas,10f65083679057ad745923e52f862aa6,Ciudad Universitaria
Facultad de Ciencias Políticas y Sociología,565e7def2178a50e488ff57a702a4784,Somosaguas
"Centro de Enseñanza Superior en Humanidades y Ciencias de la Educación ""Don Bosco""",0e3b74ec439cb8e2ad11872f43cf0bf5,"Campus del centro ""Centro de Enseñanza Superior en Humanidades y Ciencias de la Educación Don Bosco"""
Facultad de Veterinaria,4ad5f4b2556c79b42c55d541de0d69bb,Ciudad Universitaria
Facultad de Filología,8312cb0507172385aa6f9898f0f8ee2d,Ciudad Universitaria
Facultad de Psicología,1e0665df3872855bfa1113aa21aa3ed0,Somosaguas
Facultad de Ciencias de la Información,2989c9e7665553a5a8c37d5cf2e4ae6f,Ciudad Universitaria
Facultad de Filosofía,672a84eb4c93a3b5ec0c1a4bda416010,Ciudad Universitaria
Facultad de Educación,716156934887f552bd5ae03c3a997c88,Ciudad Universitaria
Facultad de Ciencias Políticas y Sociología,565e7def2178a50e488ff57a702a4784,Somosaguas
Facultad de Ciencias Químicas,9bf578f58bde8e21980f2e4fc0db1fb9,Ciudad Universitaria
Facultad de Ciencias Económicas y Empresariales,e3b851410a17f7c5066b3b9866e1c810,Somosaguas
Facultad de Geografía e Historia,933b1709080057b01862ecd64dedcd08,Ciudad Universitaria
Facultad de Geografía e Historia,933b1709080057b01862ecd64dedcd08,Ciudad Universitaria
Facultad de Geografía e Historia,933b1709080057b01862ecd64dedcd08,Ciudad Universitaria
Facultad de Derecho,2711f7a42d0922c36a918515c3bfdf43,Ciudad Universitaria
Facultad de Farmacia,bd4f8bbf9e721ea15b54f96164fff8a0,Ciudad Universitaria
Facultad de Ciencias Políticas y Sociología,565e7def2178a50e488ff57a702a4784,Somosaguas
Facultad de Ciencias de la Salud,3aa8c4ed17de89bfb78070a5e4515ee5,Alcorcón
Facultad de Ciencias de la Comunicación,5f09bc41c0e958e4291b3f64613419de,Fuenlabrada
Facultad de Ciencias de la Comunicación,5f09bc41c0e958e4291b3f64613419de,Fuenlabrada
Facultad de Ciencias de la Economía y de la Empresa. Campus de Fuenlabrada,fb07540f2a9158089b81180075a358b6,Fuenlabrada
Facultad de Ciencias de la Comunicación. Campus de Madrid,bdcf6412a668f017198bc2735cc51a67,Madrid
Facultad de Ciencias de la Comunicación. Campus de Madrid,bdcf6412a668f017198bc2735cc51a67,Madrid
Facultad de Ciencias de la Economía y de la Empresa - Campus de Madrid,20ecfa3273141ddacee5fe8bd295f718,Madrid
Facultad de Ciencias de la Economía y de la Empresa - Campus de Madrid,20ecfa3273141ddacee5fe8bd295f718,Madrid
Facultad de Ciencias Jurídicas y Políticas. Campus de Madrid,4d8cf688e7d4f24b1280d866c00d02c7,Madrid
Facultad de Ciencias Jurídicas y Políticas. Campus de Madrid,4d8cf688e7d4f24b1280d866c00d02c7,Madrid
Facultad de Ciencias Jurídicas y Políticas. Campus de Madrid,4d8cf688e7d4f24b1280d866c00d02c7,Madrid
Facultad de Ciencias de la Economía y de la Empresa - Campus de Madrid,20ecfa3273141ddacee5fe8bd295f718,Madrid
Facultad de Ciencias de la Economía y de la Empresa - Campus de Madrid,20ecfa3273141ddacee5fe8bd295f718,Madrid
Facultad de Ciencias de la Educación y del Deporte y Estudios Interdisciplinares. Campus de Móstoles,f6188bd8b5ee2297a3626a5fb76f3df8,Móstoles
Facultad de Ciencias de la Educación y del Deporte y Estudios Interdisciplinares. Campus de Móstoles,f6188bd8b5ee2297a3626a5fb76f3df8,Móstoles
Facultad de Ciencias de la Economía y de la Empresa - Campus de Madrid,20ecfa3273141ddacee5fe8bd295f718,Madrid
Facultad de Ciencias de la Economía y de la Empresa - Campus de Madrid,20ecfa3273141ddacee5fe8bd295f718,Madrid
Facultad de Ciencias Jurídicas y Políticas. Campus de Madrid,4d8cf688e7d4f24b1280d866c00d02c7,Madrid
Escuela Superior de Ciencias Experimentales y Tecnología,05040de261fc4e22fe7dcf17ebe5b18c,Móstoles
Escuela Superior de Ingeniería Informática,f793e7c8af399d72f653e8fc5211bae3,Móstoles
Escuela Superior de Ciencias Experimentales y Tecnología,05040de261fc4e22fe7dcf17ebe5b18c,Móstoles
Escuela Superior de Ciencias Experimentales y Tecnología,05040de261fc4e22fe7dcf17ebe5b18c,Móstoles
Escuela Superior de Ciencias Experimentales y Tecnología,05040de261fc4e22fe7dcf17ebe5b18c,Móstoles
Escuela Superior de Ingeniería Informática,f793e7c8af399d72f653e8fc5211bae3,Móstoles
Escuela Superior de Ingeniería Informática,f793e7c8af399d72f653e8fc5211bae3,Móstoles
Escuela Superior de Ingeniería Informática,f793e7c8af399d72f653e8fc5211bae3,Móstoles
Facultad de Ciencias de la Salud,3aa8c4ed17de89bfb78070a5e4515ee5,Alcorcón
Facultad de Ciencias de la Salud,3aa8c4ed17de89bfb78070a5e4515ee5,Alcorcón
Facultad de Ciencias de la Salud,3aa8c4ed17de89bfb78070a5e4515ee5,Alcorcón
Facultad de Ciencias de la Salud,3aa8c4ed17de89bfb78070a5e4515ee5,Alcorcón
Escuela Técnica Superior de Ingenieria de Telecomunicaciones,0b32488e08f2a8ab4b33632e7e5097c8,Fuenlabrada
Escuela Técnica Superior de Ingenieria de Telecomunicaciones,0b32488e08f2a8ab4b33632e7e5097c8,Fuenlabrada
Escuela Técnica Superior de Ingenieria de Telecomunicaciones,0b32488e08f2a8ab4b33632e7e5097c8,Fuenlabrada
Escuela Técnica Superior de Ingenieria de Telecomunicaciones,0b32488e08f2a8ab4b33632e7e5097c8,Fuenlabrada
Facultad de Ciencias de la Comunicación,5f09bc41c0e958e4291b3f64613419de,Fuenlabrada
Facultad de Ciencias de la Economía y de la Empresa - Campus de Móstoles,999784c3c631c8a7deb62df48def783a,Móstoles
Facultad de Ciencias de la Economía y de la Empresa. Campus de Fuenlabrada,fb07540f2a9158089b81180075a358b6,Fuenlabrada
Facultad de Ciencias Jurídicas y Políticas. Campus de Alcorcón,31c8ba4cdc86a6087beb09f44a207760,Alcorcón
Facultad de Ciencias de la Comunicación. Campus de Madrid,bdcf6412a668f017198bc2735cc51a67,Madrid
Facultad de Ciencias Jurídicas y Políticas. Campus de Móstoles,f35fafe60fb660e16310f8a2ee91af0e,Móstoles
Facultad de Ciencias Jurídicas y Políticas. Campus de Fuenlabrada,fed0e6d1f0ad0bb48fc82caacb51d3ec,Fuenlabrada
Facultad de Ciencias de la Economía y de la Empresa. Campus de Fuenlabrada,fb07540f2a9158089b81180075a358b6,Fuenlabrada
Facultad de Ciencias de la Economía y de la Empresa. Campus de Fuenlabrada,fb07540f2a9158089b81180075a358b6,Fuenlabrada
Escuela Técnica Superior de Ingeniería Informática. Campus de Madrid,a335ea5d2c79cb6d9b633ae3d832b3d6,Madrid
Escuela Superior ESERP,58fc5b1f156e3180d1440ae83492a622,"Campus del centro ""Escuela Superior ESERP Fundación Universitaria"""
Escuela Superior ESERP,58fc5b1f156e3180d1440ae83492a622,"Campus del centro ""Escuela Superior ESERP Fundación Universitaria"""
Facultad de Ciencias de la Economía y de la Empresa. Campus de Fuenlabrada,fb07540f2a9158089b81180075a358b6,Fuenlabrada
Facultad de Ciencias de la Educación y del Deporte y Estudios Interdisciplinares. Campus de Fuenlabrada,bf72d51317fdb7319a0aed92beb0589b,Fuenlabrada
Facultad de Ciencias de la Educación y del Deporte y Estudios Interdisciplinares. Campus de Fuenlabrada,bf72d51317fdb7319a0aed92beb0589b,Fuenlabrada
Facultad de Ciencias de la Educación y del Deporte y Estudios Interdisciplinares. Campus de Madrid,34e8213e8de295274053c5c2802f51d9,Madrid
Facultad de Ciencias de la Salud,3aa8c4ed17de89bfb78070a5e4515ee5,Alcorcón
Escuela Superior de Ciencias Experimentales y Tecnología,05040de261fc4e22fe7dcf17ebe5b18c,Móstoles
Escuela Superior de Ciencias Experimentales y Tecnología,05040de261fc4e22fe7dcf17ebe5b18c,Móstoles
Facultad de Ciencias de la Educación y del Deporte y Estudios Interdisciplinares. Campus de Madrid,34e8213e8de295274053c5c2802f51d9,Madrid
Facultad de Ciencias de la Economía y de la Empresa - Campus de Móstoles,999784c3c631c8a7deb62df48def783a,Móstoles
Facultad de Artes y Humanidades. Campus de Fuenlabrada,fcd4a59c208a020448ae575b51b89e5a,Fuenlabrada
Escuela Superior de Ciencias Experimentales y Tecnología,05040de261fc4e22fe7dcf17ebe5b18c,Móstoles
Escuela Superior de Ciencias Experimentales y Tecnología,05040de261fc4e22fe7dcf17ebe5b18c,Móstoles
Escuela Técnica Superior de Ingenieria de Telecomunicaciones,0b32488e08f2a8ab4b33632e7e5097c8,Fuenlabrada
Facultad de Ciencias Jurídicas y Políticas. Campus de Madrid,4d8cf688e7d4f24b1280d866c00d02c7,Madrid
Escuela Técnica Superior de Ingenieria de Telecomunicaciones,0b32488e08f2a8ab4b33632e7e5097c8,Fuenlabrada
Escuela Superior de Ciencias Experimentales y Tecnología. Campus de Madrid,88e66f03624468c8c63264877f3a42cc,Madrid
Escuela Universitaria de Artes y Espectaculos TAI,4ad7098a2aa3f8735360a0965dd3fa4a,"Campus del centro ""Escuela de Artes TAI"""
Escuela Superior de Ciencias Experimentales y Tecnología,05040de261fc4e22fe7dcf17ebe5b18c,Móstoles
Facultad de Ciencias Jurídicas y Políticas. Campus de Alcorcón,31c8ba4cdc86a6087beb09f44a207760,Alcorcón
Escuela Superior de Ciencias Experimentales y Tecnología,05040de261fc4e22fe7dcf17ebe5b18c,Móstoles
Facultad de Ciencias de la Economía y de la Empresa - Campus de Móstoles,999784c3c631c8a7deb62df48def783a,Móstoles
Facultad de Ciencias Jurídicas y Políticas. Campus de Fuenlabrada,fed0e6d1f0ad0bb48fc82caacb51d3ec,Fuenlabrada
Facultad de Ciencias de la Economía y de la Empresa - Campus de Móstoles,999784c3c631c8a7deb62df48def783a,Móstoles
Escuela Universitaria de Artes y Espectaculos TAI,4ad7098a2aa3f8735360a0965dd3fa4a,"Campus del centro ""Escuela de Artes TAI"""
Escuela Universitaria de Artes y Espectaculos TAI,4ad7098a2aa3f8735360a0965dd3fa4a,"Campus del centro ""Escuela de Artes TAI"""
Escuela Superior de Ingeniería Informática,f793e7c8af399d72f653e8fc5211bae3,Móstoles
Facultad de Ciencias de la Economía y de la Empresa - Campus de Madrid,20ecfa3273141ddacee5fe8bd295f718,Madrid
Facultad de Ciencias Jurídicas y Políticas. Campus de Fuenlabrada,fed0e6d1f0ad0bb48fc82caacb51d3ec,Fuenlabrada
Centro Universitario Gestión IEB Global,e803595c18d84923fda80dc3f6867588,"Campus del centro ""Centro Universitario Gestión IEB Global"""
Escuela Superior ESERP,58fc5b1f156e3180d1440ae83492a622,"Campus del centro ""Escuela Superior ESERP Fundación Universitaria"""
Facultad de Artes y Humanidades. Campus de Aranjuez,9ad9f0bae705447b588850d09b58a484,Aranjuez
Facultad de Ciencias de la Economía y de la Empresa. Campus de Aranjuez,2fd3b4c8cf58cf0378cba850d3ea7c01,Aranjuez
Facultad de Artes y Humanidades. Campus de Aranjuez,9ad9f0bae705447b588850d09b58a484,Aranjuez
Facultad de Ciencias de la Comunicación. Campus de Madrid,bdcf6412a668f017198bc2735cc51a67,Madrid
Facultad de Artes y Humanidades. Campus de Aranjuez,9ad9f0bae705447b588850d09b58a484,Aranjuez
Facultad de Ciencias Jurídicas y Políticas. Campus de Alcorcón,31c8ba4cdc86a6087beb09f44a207760,Alcorcón
Centro de Educación Superior CEDEU,8a9b0bf897635dfe87240b83055e0146,"Campus del centro ""Centro de Educación Superior CEDEU"""
Centro de Educación Superior CEDEU,8a9b0bf897635dfe87240b83055e0146,"Campus del centro ""Centro de Educación Superior CEDEU"""
Facultad de Artes y Humanidades. Campus de Fuenlabrada,fcd4a59c208a020448ae575b51b89e5a,Fuenlabrada
Escuela Técnica Superior de Ingenieria de Telecomunicaciones,0b32488e08f2a8ab4b33632e7e5097c8,Fuenlabrada
Facultad de Artes y Humanidades. Campus de Fuenlabrada,fcd4a59c208a020448ae575b51b89e5a,Fuenlabrada
Facultad de Ciencias de la Economía y de la Empresa - Campus de Madrid,20ecfa3273141ddacee5fe8bd295f718,Madrid
Facultad de Artes y Humanidades. Campus de Aranjuez,9ad9f0bae705447b588850d09b58a484,Aranjuez
Facultad de Artes y Humanidades. Campus de Fuenlabrada,fcd4a59c208a020448ae575b51b89e5a,Fuenlabrada
Facultad de Ciencias de la Educación y del Deporte y Estudios Interdisciplinares. Campus de Alcorcón,291f03d91abeb0f5157ff7be0a824f48,Alcorcón
Facultad de Ciencias de la Educación y del Deporte y Estudios Interdisciplinares. Campus de Madrid,34e8213e8de295274053c5c2802f51d9,Madrid
Escuela Técnica Superior de Ingeniería Informática. Campus de Madrid,a335ea5d2c79cb6d9b633ae3d832b3d6,Madrid
Escuela Superior ESERP,58fc5b1f156e3180d1440ae83492a622,"Campus del centro ""Escuela Superior ESERP Fundación Universitaria"""
Facultad de Artes y Humanidades. Campus de Móstoles,1e7d919f586a00b44000f58a8919f91b,Móstoles
Facultad de Artes y Humanidades. Campus de Madrid,3f4355379a33405c0556939acb2428bd,Madrid
Escuela Técnica Superior de Ingenieria de Telecomunicaciones,0b32488e08f2a8ab4b33632e7e5097c8,Fuenlabrada
Escuela Superior de Ingeniería Informática,f793e7c8af399d72f653e8fc5211bae3,Móstoles
Escuela Superior de Ciencias Experimentales y Tecnología,05040de261fc4e22fe7dcf17ebe5b18c,Móstoles
Facultad de Ciencias de la Economía y de la Empresa - Campus de Móstoles,999784c3c631c8a7deb62df48def783a,Móstoles
Facultad de Ciencias Jurídicas y Políticas. Campus de Aranjuez,7548b751008b03fbda53dba8535672a7,Aranjuez
Centro de Educación Superior CEDEU,8a9b0bf897635dfe87240b83055e0146,"Campus del centro ""Centro de Educación Superior CEDEU"""
Centro de Educación Superior CEDEU,8a9b0bf897635dfe87240b83055e0146,"Campus del centro ""Centro de Educación Superior CEDEU"""
Escuela Técnica Superior de Ingenieria de Telecomunicaciones,0b32488e08f2a8ab4b33632e7e5097c8,Fuenlabrada
Facultad de Ciencias de la Salud,3aa8c4ed17de89bfb78070a5e4515ee5,Alcorcón
Escuela Técnica Superior de Ingenieria de Telecomunicaciones,0b32488e08f2a8ab4b33632e7e5097c8,Fuenlabrada
Escuela Superior de Ciencias Experimentales y Tecnología,05040de261fc4e22fe7dcf17ebe5b18c,Móstoles
Escuela Superior de Ciencias Experimentales y Tecnología,05040de261fc4e22fe7dcf17ebe5b18c,Móstoles
Escuela Superior ESERP,58fc5b1f156e3180d1440ae83492a622,"Campus del centro ""Escuela Superior ESERP Fundación Universitaria"""
"Centro de Educación Superior de Negocios, Innovación y Tecnología",328a8ef0d62ce024e7f0d398d1fc1b46,"Campus del centro ""Centro de Educación Superior de Negocios, Innovación y Tecnología"""
Escuela Universitaria de Artes y Espectaculos TAI,4ad7098a2aa3f8735360a0965dd3fa4a,"Campus del centro ""Escuela de Artes TAI"""
Escuela Universitaria de Artes y Espectaculos TAI,4ad7098a2aa3f8735360a0965dd3fa4a,"Campus del centro ""Escuela de Artes TAI"""
Escuela Técnica Superior de Ingenieria de Telecomunicaciones,0b32488e08f2a8ab4b33632e7e5097c8,Fuenlabrada
Escuela Superior de Ingeniería Informática,f793e7c8af399d72f653e8fc5211bae3,Móstoles
Escuela Superior de Ciencias Experimentales y Tecnología,05040de261fc4e22fe7dcf17ebe5b18c,Móstoles
Escuela Universitaria de Artes y Espectaculos TAI,4ad7098a2aa3f8735360a0965dd3fa4a,"Campus del centro ""Escuela de Artes TAI"""
Escuela Universitaria de Artes y Espectaculos TAI,4ad7098a2aa3f8735360a0965dd3fa4a,"Campus del centro ""Escuela de Artes TAI"""
Facultad de Ciencias de la Educación y del Deporte y Estudios Interdisciplinares. Campus de Fuenlabrada,bf72d51317fdb7319a0aed92beb0589b,Fuenlabrada
Facultad de Ciencias de la Comunicación,5f09bc41c0e958e4291b3f64613419de,Fuenlabrada
Escuela Técnica Superior de Ingenieria de Telecomunicaciones,0b32488e08f2a8ab4b33632e7e5097c8,Fuenlabrada
Facultad de Ciencias de la Comunicación,5f09bc41c0e958e4291b3f64613419de,Fuenlabrada
Facultad de Ciencias de la Comunicación. Campus de Madrid,bdcf6412a668f017198bc2735cc51a67,Madrid
Escuela Técnica Superior de Ingeniería Informática. Campus de Madrid,a335ea5d2c79cb6d9b633ae3d832b3d6,Madrid
Facultad de Ciencias de la Economía y de la Empresa - Campus de Madrid,20ecfa3273141ddacee5fe8bd295f718,Madrid
Escuela Técnica Superior de Ingenieria de Telecomunicaciones,0b32488e08f2a8ab4b33632e7e5097c8,Fuenlabrada
Facultad de Ciencias Jurídicas y Políticas. Campus de Madrid,4d8cf688e7d4f24b1280d866c00d02c7,Madrid
Facultad de Ciencias de la Economía y de la Empresa. Campus de Fuenlabrada,fb07540f2a9158089b81180075a358b6,Fuenlabrada
Facultad de Ciencias Jurídicas y Políticas. Campus de Madrid,4d8cf688e7d4f24b1280d866c00d02c7,Madrid
Facultad de Ciencias de la Economía y de la Empresa - Campus de Madrid,20ecfa3273141ddacee5fe8bd295f718,Madrid
Facultad de Ciencias Jurídicas y Políticas. Campus de Madrid,4d8cf688e7d4f24b1280d866c00d02c7,Madrid
Facultad de Ciencias de la Economía y de la Empresa. Campus de Fuenlabrada,fb07540f2a9158089b81180075a358b6,Fuenlabrada
Facultad de Ciencias de la Economía y de la Empresa - Campus de Móstoles,999784c3c631c8a7deb62df48def783a,Móstoles
Facultad de Ciencias de la Economía y de la Empresa. Campus de Fuenlabrada,fb07540f2a9158089b81180075a358b6,Fuenlabrada
Facultad de Ciencias de la Economía y de la Empresa - Campus de Madrid,20ecfa3273141ddacee5fe8bd295f718,Madrid
Facultad de Ciencias de la Comunicación,5f09bc41c0e958e4291b3f64613419de,Fuenlabrada
Facultad de Ciencias de la Comunicación,5f09bc41c0e958e4291b3f64613419de,Fuenlabrada
Escuela Superior de Ingeniería Informática,f793e7c8af399d72f653e8fc5211bae3,Móstoles
Facultad de Ciencias de la Economía y de la Empresa - Campus de Madrid,20ecfa3273141ddacee5fe8bd295f718,Madrid
Escuela Superior de Ciencias Experimentales y Tecnología,05040de261fc4e22fe7dcf17ebe5b18c,Móstoles
Escuela Superior de Ingeniería Informática,f793e7c8af399d72f653e8fc5211bae3,Móstoles
Escuela Superior de Ingeniería Informática,f793e7c8af399d72f653e8fc5211bae3,Móstoles
Escuela Superior de Ingeniería Informática,f793e7c8af399d72f653e8fc5211bae3,Móstoles
Escuela Superior de Ingeniería Informática,f793e7c8af399d72f653e8fc5211bae3,Móstoles
Escuela Superior de Ciencias Experimentales y Tecnología,05040de261fc4e22fe7dcf17ebe5b18c,Móstoles
Escuela Superior de Ciencias Experimentales y Tecnología,05040de261fc4e22fe7dcf17ebe5b18c,Móstoles
Escuela Superior de Ciencias Experimentales y Tecnología,05040de261fc4e22fe7dcf17ebe5b18c,Móstoles
Escuela Superior de Ciencias Experimentales y Tecnología,05040de261fc4e22fe7dcf17ebe5b18c,Móstoles
Facultad de Ciencias de la Economía y de la Empresa - Campus de Madrid,20ecfa3273141ddacee5fe8bd295f718,Madrid
Facultad de Ciencias de la Economía y de la Empresa - Campus de Madrid,20ecfa3273141ddacee5fe8bd295f718,Madrid
Facultad de Ciencias de la Economía y de la Empresa - Campus de Madrid,20ecfa3273141ddacee5fe8bd295f718,Madrid
Facultad de Ciencias Jurídicas y Políticas. Campus de Madrid,4d8cf688e7d4f24b1280d866c00d02c7,Madrid
Facultad de Ciencias Jurídicas y Políticas. Campus de Madrid,4d8cf688e7d4f24b1280d866c00d02c7,Madrid
Facultad de Ciencias Jurídicas y Políticas. Campus de Madrid,4d8cf688e7d4f24b1280d866c00d02c7,Madrid
Escuela Superior de Ciencias Experimentales y Tecnología,05040de261fc4e22fe7dcf17ebe5b18c,Móstoles
Facultad de Ciencias de la Comunicación,5f09bc41c0e958e4291b3f64613419de,Fuenlabrada
Facultad de Ciencias Jurídicas y Políticas. Campus de Fuenlabrada,fed0e6d1f0ad0bb48fc82caacb51d3ec,Fuenlabrada
Escuela Superior de Ciencias Experimentales y Tecnología,05040de261fc4e22fe7dcf17ebe5b18c,Móstoles
Facultad de Ciencias Jurídicas y Políticas. Campus de Fuenlabrada,fed0e6d1f0ad0bb48fc82caacb51d3ec,Fuenlabrada
Escuela Técnica Superior de Ingenieria de Telecomunicaciones,0b32488e08f2a8ab4b33632e7e5097c8,Fuenlabrada
Facultad de Ciencias de la Educación y del Deporte y Estudios Interdisciplinares. Campus de Fuenlabrada,bf72d51317fdb7319a0aed92beb0589b,Fuenlabrada
Facultad de Ciencias de la Educación y del Deporte y Estudios Interdisciplinares. Campus de Móstoles,f6188bd8b5ee2297a3626a5fb76f3df8,Móstoles
Facultad de Ciencias Jurídicas y Políticas. Campus de Fuenlabrada,fed0e6d1f0ad0bb48fc82caacb51d3ec,Fuenlabrada
Facultad de Ciencias Jurídicas y Políticas. Campus de Fuenlabrada,fed0e6d1f0ad0bb48fc82caacb51d3ec,Fuenlabrada
Facultad de Ciencias Jurídicas y Políticas. Campus de Fuenlabrada,fed0e6d1f0ad0bb48fc82caacb51d3ec,Fuenlabrada
Facultad de Ciencias Jurídicas y Políticas. Campus de Fuenlabrada,fed0e6d1f0ad0bb48fc82caacb51d3ec,Fuenlabrada
Facultad de Ciencias Jurídicas y Políticas. Campus de Fuenlabrada,fed0e6d1f0ad0bb48fc82caacb51d3ec,Fuenlabrada
Facultad de Ciencias de la Economía y de la Empresa - Campus de Madrid,20ecfa3273141ddacee5fe8bd295f718,Madrid
Facultad de Ciencias Jurídicas y Políticas. Campus de Madrid,4d8cf688e7d4f24b1280d866c00d02c7,Madrid
Escuela Superior de Ciencias Experimentales y Tecnología,05040de261fc4e22fe7dcf17ebe5b18c,Móstoles
Facultad de Artes y Humanidades. Campus de Aranjuez,9ad9f0bae705447b588850d09b58a484,Aranjuez
Facultad de Ciencias Jurídicas y Políticas. Campus de Alcorcón,31c8ba4cdc86a6087beb09f44a207760,Alcorcón
Facultad de Ciencias Jurídicas y Políticas. Campus de Alcorcón,31c8ba4cdc86a6087beb09f44a207760,Alcorcón
Facultad de Artes y Humanidades. Campus de Fuenlabrada,fcd4a59c208a020448ae575b51b89e5a,Fuenlabrada
Facultad de Artes y Humanidades. Campus de Fuenlabrada,fcd4a59c208a020448ae575b51b89e5a,Fuenlabrada
Facultad de Ciencias de la Economía y de la Empresa. Campus de Fuenlabrada,fb07540f2a9158089b81180075a358b6,Fuenlabrada
Facultad de Artes y Humanidades. Campus de Fuenlabrada,fcd4a59c208a020448ae575b51b89e5a,Fuenlabrada
Facultad de Ciencias Jurídicas y Políticas. Campus de Madrid,4d8cf688e7d4f24b1280d866c00d02c7,Madrid
Facultad de Artes y Humanidades. Campus de Aranjuez,9ad9f0bae705447b588850d09b58a484,Aranjuez
Facultad de Artes y Humanidades. Campus de Aranjuez,9ad9f0bae705447b588850d09b58a484,Aranjuez
Facultad de Ciencias de la Educación y del Deporte y Estudios Interdisciplinares. Campus de Alcorcón,291f03d91abeb0f5157ff7be0a824f48,Alcorcón
Facultad de Ciencias de la Educación y del Deporte y Estudios Interdisciplinares. Campus de Alcorcón,291f03d91abeb0f5157ff7be0a824f48,Alcorcón
Facultad de Ciencias de la Economía y de la Empresa - Campus de Madrid,20ecfa3273141ddacee5fe8bd295f718,Madrid
Facultad de Ciencias de la Economía y de la Empresa - Campus de Madrid,20ecfa3273141ddacee5fe8bd295f718,Madrid
Facultad de Ciencias de la Economía y de la Empresa - Campus de Madrid,20ecfa3273141ddacee5fe8bd295f718,Madrid
Facultad de Artes y Humanidades. Campus de Fuenlabrada,fcd4a59c208a020448ae575b51b89e5a,Fuenlabrada
Facultad de Ciencias Jurídicas y Políticas. Campus de Madrid,4d8cf688e7d4f24b1280d866c00d02c7,Madrid
Escuela Superior ESERP,58fc5b1f156e3180d1440ae83492a622,"Campus del centro ""Escuela Superior ESERP Fundación Universitaria"""
Escuela Superior ESERP,58fc5b1f156e3180d1440ae83492a622,"Campus del centro ""Escuela Superior ESERP Fundación Universitaria"""
Facultad de Artes y Humanidades. Campus de Fuenlabrada,fcd4a59c208a020448ae575b51b89e5a,Fuenlabrada
Facultad de Artes y Humanidades. Campus de Fuenlabrada,fcd4a59c208a020448ae575b51b89e5a,Fuenlabrada
Facultad de Ciencias de la Educación y del Deporte y Estudios Interdisciplinares. Campus de Alcorcón,291f03d91abeb0f5157ff7be0a824f48,Alcorcón
Facultad de Ciencias de la Economía y de la Empresa - Campus de Madrid,20ecfa3273141ddacee5fe8bd295f718,Madrid
Facultad de Ciencias de la Economía y de la Empresa - Campus de Móstoles,999784c3c631c8a7deb62df48def783a,Móstoles
Facultad de Ciencias de la Economía y de la Empresa - Campus de Móstoles,999784c3c631c8a7deb62df48def783a,Móstoles
Facultad de Ciencias de la Economía y de la Empresa - Campus de Móstoles,999784c3c631c8a7deb62df48def783a,Móstoles
Facultad de Ciencias de la Economía y de la Empresa - Campus de Móstoles,999784c3c631c8a7deb62df48def783a,Móstoles
Facultad de Ciencias de la Economía y de la Empresa - Campus de Madrid,20ecfa3273141ddacee5fe8bd295f718,Madrid
Facultad de Ciencias de la Economía y de la Empresa - Campus de Móstoles,999784c3c631c8a7deb62df48def783a,Móstoles
Facultad de Ciencias de la Economía y de la Empresa. Campus de Fuenlabrada,fb07540f2a9158089b81180075a358b6,Fuenlabrada
Escuela Superior de Ingeniería Informática,f793e7c8af399d72f653e8fc5211bae3,Móstoles
Facultad de Ciencias de la Economía y de la Empresa - Campus de Madrid,20ecfa3273141ddacee5fe8bd295f718,Madrid
Facultad de Ciencias Jurídicas y Políticas. Campus de Madrid,4d8cf688e7d4f24b1280d866c00d02c7,Madrid
Facultad de Artes y Humanidades. Campus de Aranjuez,9ad9f0bae705447b588850d09b58a484,Aranjuez
Facultad de Ciencias de la Educación y del Deporte y Estudios Interdisciplinares. Campus de Fuenlabrada,bf72d51317fdb7319a0aed92beb0589b,Fuenlabrada
Escuela Técnica Superior de Ingenieria de Telecomunicaciones,0b32488e08f2a8ab4b33632e7e5097c8,Fuenlabrada
Escuela de Másteres Oficiales,e2eea39369a8f7216d4c9bf741190a14,Móstoles
Escuela de Másteres Oficiales,e2eea39369a8f7216d4c9bf741190a14,Móstoles
Escuela de Másteres Oficiales,e2eea39369a8f7216d4c9bf741190a14,Móstoles
Unidad de Postgrado,5ccda505c4f3d276c34e06072ab9776e,Móstoles
Facultad de Ciencias de la Comunicación. Campus de Madrid,bdcf6412a668f017198bc2735cc51a67,Madrid
Escuela de Másteres Oficiales,e2eea39369a8f7216d4c9bf741190a14,Móstoles
Unidad de Postgrado,5ccda505c4f3d276c34e06072ab9776e,Móstoles
Escuela de Másteres Oficiales,e2eea39369a8f7216d4c9bf741190a14,Móstoles
Unidad de Postgrado,5ccda505c4f3d276c34e06072ab9776e,Móstoles
Escuela de Másteres Oficiales,e2eea39369a8f7216d4c9bf741190a14,Móstoles
Escuela de Másteres Oficiales,e2eea39369a8f7216d4c9bf741190a14,Móstoles
Escuela de Másteres Oficiales,e2eea39369a8f7216d4c9bf741190a14,Móstoles
Escuela de Másteres Oficiales,e2eea39369a8f7216d4c9bf741190a14,Móstoles
Escuela Superior ESERP,58fc5b1f156e3180d1440ae83492a622,"Campus del centro ""Escuela Superior ESERP Fundación Universitaria"""
Unidad de Postgrado,5ccda505c4f3d276c34e06072ab9776e,Móstoles
Unidad de Postgrado,5ccda505c4f3d276c34e06072ab9776e,Móstoles
Escuela de Másteres Oficiales,e2eea39369a8f7216d4c9bf741190a14,Móstoles
Escuela de Másteres Oficiales,e2eea39369a8f7216d4c9bf741190a14,Móstoles
Escuela de Másteres Oficiales,e2eea39369a8f7216d4c9bf741190a14,Móstoles
Escuela de Másteres Oficiales,e2eea39369a8f7216d4c9bf741190a14,Móstoles
Escuela de Másteres Oficiales,e2eea39369a8f7216d4c9bf741190a14,Móstoles
Unidad de Postgrado,5ccda505c4f3d276c34e06072ab9776e,Móstoles
Escuela de Másteres Oficiales,e2eea39369a8f7216d4c9bf741190a14,Móstoles
Escuela de Másteres Oficiales,e2eea39369a8f7216d4c9bf741190a14,Móstoles
Unidad de Postgrado,5ccda505c4f3d276c34e06072ab9776e,Móstoles
Escuela de Másteres Oficiales,e2eea39369a8f7216d4c9bf741190a14,Móstoles
Escuela de Másteres Oficiales,e2eea39369a8f7216d4c9bf741190a14,Móstoles
Escuela de Másteres Oficiales,e2eea39369a8f7216d4c9bf741190a14,Móstoles
Escuela de Másteres Oficiales,e2eea39369a8f7216d4c9bf741190a14,Móstoles
Escuela de Másteres Oficiales,e2eea39369a8f7216d4c9bf741190a14,Móstoles
Escuela de Másteres Oficiales,e2eea39369a8f7216d4c9bf741190a14,Móstoles
Unidad de Postgrado,5ccda505c4f3d276c34e06072ab9776e,Móstoles
Escuela de Másteres Oficiales,e2eea39369a8f7216d4c9bf741190a14,Móstoles
Escuela de Másteres Oficiales,e2eea39369a8f7216d4c9bf741190a14,Móstoles
Escuela Superior de Ciencias Experimentales y Tecnología,05040de261fc4e22fe7dcf17ebe5b18c,Móstoles
Escuela de Másteres Oficiales,e2eea39369a8f7216d4c9bf741190a14,Móstoles
Escuela de Másteres Oficiales,e2eea39369a8f7216d4c9bf741190a14,Móstoles
Escuela de Másteres Oficiales,e2eea39369a8f7216d4c9bf741190a14,Móstoles
Escuela de Másteres Oficiales,e2eea39369a8f7216d4c9bf741190a14,Móstoles
Escuela de Másteres Oficiales,e2eea39369a8f7216d4c9bf741190a14,Móstoles
Escuela de Másteres Oficiales,e2eea39369a8f7216d4c9bf741190a14,Móstoles
Escuela de Másteres Oficiales,e2eea39369a8f7216d4c9bf741190a14,Móstoles
Escuela de Másteres Oficiales,e2eea39369a8f7216d4c9bf741190a14,Móstoles
Escuela de Másteres Oficiales,e2eea39369a8f7216d4c9bf741190a14,Móstoles
Unidad de Postgrado,5ccda505c4f3d276c34e06072ab9776e,Móstoles
Escuela de Másteres Oficiales,e2eea39369a8f7216d4c9bf741190a14,Móstoles
Escuela de Másteres Oficiales,e2eea39369a8f7216d4c9bf741190a14,Móstoles
Escuela de Másteres Oficiales,e2eea39369a8f7216d4c9bf741190a14,Móstoles
"Centro de Educación Superior de Negocios, Innovación y Tecnología",328a8ef0d62ce024e7f0d398d1fc1b46,"Campus del centro ""Centro de Educación Superior de Negocios, Innovación y Tecnología"""
"Centro de Educación Superior de Negocios, Innovación y Tecnología",328a8ef0d62ce024e7f0d398d1fc1b46,"Campus del centro ""Centro de Educación Superior de Negocios, Innovación y Tecnología"""
Escuela de Másteres Oficiales,e2eea39369a8f7216d4c9bf741190a14,Móstoles
Escuela de Másteres Oficiales,e2eea39369a8f7216d4c9bf741190a14,Móstoles
Escuela de Másteres Oficiales,e2eea39369a8f7216d4c9bf741190a14,Móstoles
Escuela de Másteres Oficiales,e2eea39369a8f7216d4c9bf741190a14,Móstoles
Escuela de Másteres Oficiales,e2eea39369a8f7216d4c9bf741190a14,Móstoles
Escuela de Másteres Oficiales,e2eea39369a8f7216d4c9bf741190a14,Móstoles
Escuela Superior de Ciencias Experimentales y Tecnología,05040de261fc4e22fe7dcf17ebe5b18c,Móstoles
Facultad de Ciencias de la Salud,3aa8c4ed17de89bfb78070a5e4515ee5,Alcorcón
Facultad de Ciencias de la Salud,3aa8c4ed17de89bfb78070a5e4515ee5,Alcorcón
Escuela Superior de Ciencias Experimentales y Tecnología,05040de261fc4e22fe7dcf17ebe5b18c,Móstoles
Facultad de Ciencias de la Salud,3aa8c4ed17de89bfb78070a5e4515ee5,Alcorcón
Escuela Superior de Ciencias Experimentales y Tecnología,05040de261fc4e22fe7dcf17ebe5b18c,Móstoles
Facultad de Ciencias de la Educación y del Deporte y Estudios Interdisciplinares. Campus de Fuenlabrada,bf72d51317fdb7319a0aed92beb0589b,Fuenlabrada
Facultad de Artes y Humanidades. Campus de Madrid,3f4355379a33405c0556939acb2428bd,Madrid
Escuela Universitaria de Artes y Espectaculos TAI,4ad7098a2aa3f8735360a0965dd3fa4a,"Campus del centro ""Escuela de Artes TAI"""
